theaterId,theaterName,theaterAddress,theaterCity,theaterState,screensTotal
1,"Rodriguez, Figueroa and Sanchez Cinemas",181 Johnson Course,East William,AK,7
2,"Gonzalez, Santos and Gardner Cinemas",9402 Peterson Drives,Port Matthew,CO,4
3,Davis-Abbott Cinemas,78161 Calderon River Suite 931,Lake Jeremyport,CO,12
4,Delacruz Group Cinemas,5255 Elizabeth Squares Apt. 928,East Steven,KY,11
5,"Watts, Robinson and Nguyen Cinemas",05641 Robin Port,Jasonfort,MO,11
6,"Ellis, Baker and Wright Cinemas",969 Cox Dam Suite 101,Lake Ernest,TX,8
7,Carlson-Cruz Cinemas,480 Erin Plain Suite 514,Mooretown,VA,7
8,"Baker, Mason and White Cinemas",489 Eric Track,New Stephanie,NC,6
9,George Group Cinemas,54303 Christopher Oval,Port Amandaberg,DC,17
10,"Alvarez, Pierce and Baker Cinemas",83465 Lam Mission Apt. 331,Andrewside,IN,5
11,"Robinson, Jones and Welch Cinemas",05183 Caldwell Forest,Lake Selena,OK,4
12,"Kennedy, Mueller and Aguirre Cinemas",16566 Shields Center,North Richardmouth,AS,6
13,Wright and Sons Cinemas,62473 Scott Wall Apt. 080,Port Melindaburgh,MT,10
14,Olson-Hancock Cinemas,60647 Henderson Street,Mooreport,IL,11
15,Riley PLC Cinemas,500 Shaw Walk,North Susan,CO,20
16,Jones Inc Cinemas,1939 Christine Manor,Sarahborough,TN,4
17,"Edwards, Baker and Anderson Cinemas",5107 Charles Forest Suite 251,West Justin,NV,10
18,"Warner, Carr and Archer Cinemas",841 Joseph Coves,West Juan,IL,17
19,"Cooper, Watts and Farrell Cinemas",0164 Adam Trail Apt. 427,Hoffmanville,CA,11
20,"Mckee, Gardner and Davenport Cinemas",2045 Rachel Fords,Lake Curtis,WI,18
21,"Henson, Russell and Oliver Cinemas",22602 Patton Loop,West Erik,UT,12
22,Reyes Inc Cinemas,37543 Andrew Fields Suite 541,Michaelhaven,MO,4
23,"Zavala, Herrera and Crosby Cinemas",2940 Candace Key,Samuelhaven,DE,9
24,Lam-Lee Cinemas,608 Michael Cliff,Cindyville,VA,17
25,Hunter-Estrada Cinemas,4823 Ortega Light Apt. 994,Kelleytown,ME,14
26,Clark-Floyd Cinemas,7738 Leon Underpass Apt. 148,Clarencebury,TX,12
27,Walker-Gonzalez Cinemas,37917 Mercado Ports,Lake Heather,NM,8
28,Sanchez-Douglas Cinemas,63287 Angela Vista,South Dennismouth,TN,10
29,"Travis, Larson and Dodson Cinemas",868 Merritt Summit Suite 743,Katiehaven,NM,14
30,"Allen, Gonzales and Reeves Cinemas",5581 Edward Lights,Lake Jason,MT,7
31,Rivera-Owens Cinemas,66909 Woods Knoll,Karenchester,ND,6
32,"Navarro, Marsh and Hurst Cinemas",46706 Caldwell Union Suite 272,South Brittanytown,CO,16
33,"Patterson, Camacho and White Cinemas",5375 Juarez Light Suite 641,Smithside,AR,7
34,Walker-Jones Cinemas,33092 David Skyway,New Staciemouth,UT,15
35,Wang-Jackson Cinemas,41904 Sanders Stravenue,North Brittany,MP,15
36,"Sanchez, Terry and Turner Cinemas",058 Stanley Cliff,Alexanderchester,GU,12
37,Garcia-Yu Cinemas,262 Gilbert Plain Suite 769,Marcusbury,MP,5
38,Ramirez Group Cinemas,9965 Troy Islands,South Jason,AS,18
39,Peterson-Beard Cinemas,083 John Lodge Suite 837,Westtown,CO,7
40,Walker-Holt Cinemas,957 Coleman Summit Suite 574,Johnville,VA,16
41,Stewart Ltd Cinemas,37498 Hooper Village,West Jeremy,HI,6
42,Smith-Ferguson Cinemas,08427 Monique Ports Suite 777,Jackton,KS,13
43,Wilson-Jones Cinemas,90229 Miller Gateway Apt. 869,Port Alexandra,NV,15
44,Evans-Chapman Cinemas,9909 Stacey Fords Apt. 412,East Andrea,GA,10
45,Ortiz Ltd Cinemas,0344 Jones Fort Suite 936,New Jeffreyberg,PW,6
46,Serrano-Jones Cinemas,9947 Taylor Hollow,Benderhaven,ND,5
47,Kim-George Cinemas,594 Christopher Spring Apt. 490,South April,NV,11
48,White-Richards Cinemas,75655 Mia Isle Suite 746,South Christopherview,MD,13
49,Cordova Group Cinemas,876 Jacob Lake,Garrettton,IL,6
50,Dunn-Pennington Cinemas,710 Jennifer Inlet Apt. 861,Port Robin,NH,11
51,Holland and Sons Cinemas,484 Davenport Mountains Apt. 782,Leehaven,WA,7
52,Shields LLC Cinemas,8404 Monroe Prairie Suite 278,Reedside,WV,16
53,"Bennett, Cantu and Kane Cinemas",636 Louis Mountains,Hughesberg,NM,12
54,Martinez PLC Cinemas,71870 Robert Shoal Apt. 174,Cindyfurt,SD,18
55,Christian Ltd Cinemas,7809 Jimmy Spur Suite 316,Port Cynthiaville,NV,15
56,Benson Inc Cinemas,0455 Thomas Pines,Knightburgh,GA,9
57,Miller Group Cinemas,9237 Stevens Shores,Port Stevenport,TX,15
58,"Moore, Alexander and Reed Cinemas",647 Gonzalez Lights Suite 136,Baileyport,AK,15
59,"Foster, Smith and Grimes Cinemas",743 Robinson Field,Ericaberg,SC,10
60,Berger Ltd Cinemas,7095 Christopher Hill,Julieburgh,ID,12
61,Buchanan LLC Cinemas,47451 Mccarty Divide Apt. 685,Port Ralphview,ND,6
62,Gibson Ltd Cinemas,651 Thomas River Suite 931,Blankenshipport,SD,9
63,Wilson-Williams Cinemas,7113 Paul Land,Matthewsberg,FM,11
64,Pena-Bass Cinemas,0537 Sampson Walk Suite 158,Bruceview,ID,9
65,Rush Group Cinemas,390 Kristin Gardens,Port Anne,CA,18
66,"Clark, Robinson and Kane Cinemas",90422 Lindsey Creek Apt. 205,New Mario,HI,16
67,Williams-Harmon Cinemas,177 Palmer Coves,Gordonton,VA,12
68,"Boyd, Ellis and Maynard Cinemas",6617 Jones Common,Charleneland,DC,11
69,Weber-Richards Cinemas,9847 Garcia Squares Apt. 836,Beasleychester,MA,14
70,Ross-Blair Cinemas,5452 Jones Village Apt. 161,Lisaside,AR,5
71,"Frye, Hoffman and Santiago Cinemas",6049 Bell Ports Apt. 273,West Meganstad,DE,11
72,Andrews-Aguirre Cinemas,402 Park Inlet,Michaelburgh,VI,5
73,Knight Group Cinemas,01836 Chavez Estate,Larrymouth,WI,14
74,"Carlson, Ware and Moore Cinemas",147 Tucker Mills,Nelsonhaven,DE,16
75,Jordan-Campbell Cinemas,403 Joyce Centers Apt. 343,Port Jonathan,MD,12
76,Smith Ltd Cinemas,26838 Jones Wall Apt. 607,Port Lawrencechester,OK,6
77,Mckinney-Butler Cinemas,0529 Collier Lake,South Meganbury,NE,10
78,"Morales, Miller and Harrell Cinemas",52181 Rebecca Keys Suite 231,West James,PA,14
79,Wolf Ltd Cinemas,77997 Lin Road,Edwardland,NJ,10
80,Welch-Hogan Cinemas,8147 Johnson Land,Chaseland,RI,19
81,"Hunter, Ford and Spencer Cinemas",9359 Mason Circle,Garciamouth,VT,16
82,Wagner and Sons Cinemas,77889 Michael Haven,Ortizmouth,TX,18
83,"Williams, Mccoy and Cook Cinemas",86449 Mathew Prairie Apt. 546,New Jeanne,CO,8
84,Hansen-Schneider Cinemas,81685 Michael Falls Apt. 573,East Eric,LA,12
85,Romero PLC Cinemas,592 Moore Falls,Lake Samuel,MT,8
86,Rhodes-Young Cinemas,473 Kyle Valleys Suite 359,Murrayport,WI,11
87,Shaw-Barnes Cinemas,92407 Spencer Cove,West Christopherburgh,KY,12
88,Whitehead-Hernandez Cinemas,37506 Randy Landing Apt. 615,North Lucas,CT,17
89,"Santos, Moody and Taylor Cinemas",2779 Rebecca Brook Suite 328,Rodriguezport,IA,16
90,Martinez-Allen Cinemas,17980 Jennifer Highway Suite 095,New Robert,TN,15
91,"Miller, Villegas and Jones Cinemas",7065 Burgess Knolls,West Johnville,WI,11
92,"Moss, Cook and Williams Cinemas",277 Lisa Circles Suite 043,Port Jameston,MD,8
93,Robertson-Hays Cinemas,0345 Michelle Isle Suite 156,Paulfurt,MA,20
94,Crawford Group Cinemas,416 Ryan View Apt. 845,North Markport,ME,19
95,Morrison-Simmons Cinemas,7059 Hill Turnpike Apt. 165,North Douglas,PA,6
96,"Harrington, Johnson and Jones Cinemas",6909 Erika Land Suite 719,New Michael,MD,5
97,"Ramirez, Horne and Johnson Cinemas",8681 Hampton Squares,Lewisport,UT,7
98,Gonzalez-Taylor Cinemas,2715 Mckinney Plaza,Patriciaburgh,VT,8
99,"Ho, Little and Leon Cinemas",32370 Spencer Land,Laraside,DC,9
100,"Henson, Jones and Sanders Cinemas",669 David Island Apt. 778,Davidside,SC,17
101,"White, Burch and Reynolds Cinemas",82422 Donovan Fork,Staceyhaven,MH,6
102,Singleton-King Cinemas,49818 Brittany Prairie Apt. 299,Meganshire,AZ,16
103,Miller Ltd Cinemas,396 Tyler Road Suite 473,Evansland,UT,16
104,Moore Group Cinemas,3592 Hensley Island Suite 625,West Johnville,KY,18
105,Wright-Davis Cinemas,9632 Peck Stravenue Suite 327,Jimenezport,NM,20
106,Davis Group Cinemas,39500 Simpson Ville Suite 480,South Dennisview,VA,12
107,Gallagher-Diaz Cinemas,98358 Jones Parkways Suite 849,East Theresafurt,MN,4
108,Grant-Diaz Cinemas,98680 Benjamin Station,Lindahaven,NH,7
109,Obrien PLC Cinemas,9526 Wheeler Parkways,Ericksonport,NJ,12
110,Richardson Ltd Cinemas,9409 Baker Shoal,Lake Brett,NJ,14
111,Warren Ltd Cinemas,30913 Scott Manor Apt. 636,Salaston,VT,7
112,Stone PLC Cinemas,786 Frye Mount Suite 854,Leebury,KY,13
113,"Evans, David and Hendrix Cinemas",375 Bailey Underpass Suite 419,Huangfurt,GU,17
114,Blevins-Ballard Cinemas,41574 Lewis Views Suite 842,New Joycebury,IA,9
115,Santiago PLC Cinemas,301 Rivera Mountains,Lake Kellitown,OH,18
116,Russell Group Cinemas,345 Brewer Trafficway Apt. 938,East Robertburgh,PW,4
117,Osborn Group Cinemas,40049 Sarah Isle Suite 788,Smallberg,PR,12
118,"Mcdonald, Lee and Rodriguez Cinemas",742 Jill Turnpike,Ashleyborough,HI,20
119,"Chase, Prince and Wilcox Cinemas",61227 Boyle Avenue Suite 637,Stephanieport,OR,9
120,"Berry, Green and Ward Cinemas",17426 Vaughn Route,Michaelbury,IN,20
121,Mendoza Group Cinemas,8783 Erin Ranch Apt. 878,Christianshire,DE,7
122,Poole PLC Cinemas,822 Bond Mills,Lake Jamieshire,NM,13
123,Nolan Group Cinemas,2867 Angelica Spring,Jenniferfurt,KS,20
124,Reese PLC Cinemas,65180 Valerie Mountains,West Robertberg,WI,10
125,"Good, Brewer and Fisher Cinemas",6618 Desiree Keys Apt. 286,Lake Tiffany,MP,8
126,Avila LLC Cinemas,868 Morrow Gateway Suite 524,Lake Kathy,AZ,15
127,"Barnes, Miranda and Stephenson Cinemas",31190 Harper Squares,East Joyfurt,NV,9
128,Fernandez Inc Cinemas,439 Ray Trail,Joelberg,TN,20
129,"Walker, Turner and Brown Cinemas",687 Teresa Row,Floydmouth,UT,4
130,Russell-Evans Cinemas,733 Mathews Divide,Melendezside,MT,14
131,Grant-Anderson Cinemas,3517 Davis Stream,North Joseph,TX,19
132,"Morrison, Russo and Lopez Cinemas",3540 Sharon Streets,Lake Yvonnefort,PW,4
133,Dominguez Ltd Cinemas,3854 Owens Run,Kylestad,NY,7
134,Owens-Lang Cinemas,3556 Anna Forges Apt. 048,Phillipsborough,MA,15
135,James and Sons Cinemas,547 Murray Street Suite 228,Whiteside,SD,13
136,Warren Inc Cinemas,62312 Jeffery Motorway,Brucefort,TN,11
137,Smith-Patel Cinemas,08484 Wayne Square Suite 211,East James,NC,5
138,Ochoa-Adams Cinemas,56793 Kevin Views Apt. 016,Bennettfort,AR,11
139,"Smith, Jackson and Porter Cinemas",591 Jerry Ways Suite 401,Rachelshire,TN,6
140,White LLC Cinemas,92614 Anne Port,Rhodesside,MA,6
141,Campos-Taylor Cinemas,501 Hall Club,Cassiefurt,WI,19
142,Johnson-Nelson Cinemas,3586 Lopez Prairie Suite 194,Lake Charles,KY,6
143,James Ltd Cinemas,655 Christopher Inlet,Wardview,CT,8
144,Miller Group Cinemas,886 Anthony Knoll Apt. 995,Smithchester,MS,8
145,Hardy PLC Cinemas,826 Dominic Hollow,Trevorland,GA,19
146,Hill-Evans Cinemas,4379 Stephen Dale,Adamfurt,MA,9
147,"James, Atkins and Alexander Cinemas",924 Morrison Square Apt. 752,Novakport,WA,12
148,"Chen, Faulkner and Casey Cinemas",4651 Brittany Plains Apt. 807,South Lauren,MP,20
149,"Jones, Abbott and Pope Cinemas",43426 Jones Rapid Suite 968,Stephensstad,UT,17
150,"Wheeler, Rocha and Rodriguez Cinemas",529 Anna Rue,Rasmussenmouth,WY,10
151,Rodriguez-Garcia Cinemas,889 Sean Lock,Bartonshire,UT,10
152,"Hernandez, Cuevas and Webb Cinemas",1125 Cooper Tunnel Apt. 875,Davismouth,MD,13
153,Evans Ltd Cinemas,51238 Andrea Isle,Mullenbury,AS,16
154,Soto-Lopez Cinemas,0937 Price Squares Apt. 341,Port Monicaburgh,MN,15
155,Gonzalez-Wilson Cinemas,596 Matthews Keys Suite 792,Samanthashire,CO,18
156,"Anderson, Wilson and Torres Cinemas",2866 Bailey Manors,South Cynthia,UT,20
157,"Arias, Thompson and Jackson Cinemas",25790 Crane Oval Apt. 368,Ortizfort,MT,18
158,"Larsen, Burns and Miller Cinemas",40438 Jackson Mount,Dunnville,OK,7
159,Adams PLC Cinemas,078 Veronica Cove Apt. 407,Michaelland,NV,11
160,Rowe and Sons Cinemas,959 Martin Dam,Port Jamie,AR,11
161,"Bell, Campbell and Ryan Cinemas",449 Farley Passage Apt. 260,Michelleberg,UT,6
162,Wright Ltd Cinemas,67294 Brooks Club Apt. 684,Shawnfort,MD,14
163,"Smith, Schroeder and Oconnor Cinemas",518 Robinson Meadow Apt. 745,Matthewshire,DC,4
164,"Phelps, Kramer and Shannon Cinemas",17012 Bryant Meadow,Lake Regina,FM,11
165,"Turner, Baxter and Mcdowell Cinemas",541 Beck Run,North Randy,ME,11
166,"Lyons, Young and Rios Cinemas",37129 April Mills,North Heatherville,VI,4
167,Benson-Woods Cinemas,1115 Ibarra Dam,Ayalaberg,SD,6
168,"Thomas, Moreno and Smith Cinemas",5326 Heath Corners,East Karenshire,VA,5
169,Bell-Jordan Cinemas,41389 Maxwell Spurs,Port Melanieport,IL,11
170,"Lawson, Lopez and Myers Cinemas",76137 Allison Bridge,Sarahberg,MS,6
171,"Fisher, Payne and Thompson Cinemas",09104 Bill Circle Suite 848,Hendersonfurt,CO,5
172,"Herrera, Jensen and Ramirez Cinemas",83285 Willis Track Apt. 463,East Christopherchester,DE,14
173,Salazar-Brown Cinemas,02027 Mills Tunnel,Garyberg,WA,6
174,Quinn-Wilson Cinemas,6481 Joseph Ports,South Spencerstad,AR,20
175,Villarreal-Jackson Cinemas,1913 Bradley Wall,East Brandonstad,MS,11
176,White Inc Cinemas,53654 Ashley Crest Apt. 238,South Caseymouth,VI,12
177,Ayala-Collins Cinemas,705 Kelly Tunnel,Jodibury,NH,19
178,Vargas-Snyder Cinemas,832 Sarah Burg,New Michael,MP,10
179,"Wiley, Tapia and Smith Cinemas",413 Robert Circle Apt. 410,Port April,UT,8
180,Ellis-Adkins Cinemas,261 Ryan Curve,West Jose,MD,19
181,Haynes-Moss Cinemas,4313 Kimberly Prairie Apt. 212,Owenschester,DE,11
182,"Howard, Townsend and Hayes Cinemas",1124 Jason Walks Suite 213,Randyton,TX,19
183,Green-Ewing Cinemas,7883 Steven Unions,North Alexander,MP,17
184,Anderson Group Cinemas,199 Lowery Club Apt. 137,North Rebecca,MP,10
185,Martinez-Dunlap Cinemas,96670 Vega Extensions,Jasonburgh,KY,7
186,Griffin-Hernandez Cinemas,476 Brown Harbors,Taylorborough,SD,7
187,"Wright, Mcknight and Stephens Cinemas",5787 Durham Parkway,Paulburgh,AK,17
188,Harper-Johnson Cinemas,78593 Craig Shoals Apt. 480,New Meghan,AS,15
189,Kelly-Combs Cinemas,39559 Jade Knoll,New Stacy,MP,17
190,Weaver-Thompson Cinemas,03930 Smith Ridges,Port David,VT,17
191,Sellers LLC Cinemas,29218 Yu Landing,Willismouth,ME,18
192,Taylor-Moore Cinemas,752 Walker Radial Apt. 644,East Jessica,UT,5
193,"Myers, Gamble and Sanford Cinemas",95939 Sharon Divide,Juliebury,MI,7
194,Jackson-Mcclure Cinemas,570 Clark Square,West Jonathanville,VA,5
195,Williams Group Cinemas,67658 Garcia Neck Apt. 271,West Andrewview,CT,16
196,Peterson Group Cinemas,181 Wheeler Ridges,Bushchester,SD,14
197,Lawson Group Cinemas,15336 Guerrero Hills,North Brandon,OK,7
198,"Larsen, Hernandez and Ward Cinemas",49731 Jamie Route Suite 171,Kristenfort,NM,11
199,"Baker, May and Hughes Cinemas",5270 Gonzales Greens Apt. 490,Port Heather,CT,10
200,Barnett PLC Cinemas,380 Cardenas Manor Suite 937,Christianton,NY,10
201,"Lester, Mcbride and Byrd Cinemas",72233 Brad Common,Harrisberg,MP,18
202,"Scott, Bartlett and Sloan Cinemas",68685 Stone Well,Port Isabellashire,NC,8
203,Rodriguez-Hernandez Cinemas,91485 Baker Shoal,Armstrongfort,AZ,17
204,Hill and Sons Cinemas,65307 Prince Brooks Suite 444,Garrisonville,VI,9
205,Taylor Ltd Cinemas,4691 Scott View Suite 785,New Laceyland,ME,12
206,"Hunter, Taylor and York Cinemas",33030 Williams Lake,West Micheal,NH,18
207,"Sanders, Leblanc and Maldonado Cinemas",7972 Matthews Keys,Frankview,WA,11
208,"Davis, Johnson and Williams Cinemas",33468 Michelle Trafficway,South Rhondaburgh,PA,6
209,Walker PLC Cinemas,466 Stevens Forge Suite 489,Silvatown,NY,18
210,"Levy, Franco and Hoffman Cinemas",1715 Davidson Wall Suite 443,New Kathy,MH,7
211,Trujillo PLC Cinemas,520 Bright Green Suite 660,West Jessica,IN,5
212,"Nichols, Glover and Knox Cinemas",428 Kelly Mountains Apt. 482,Destinybury,MI,4
213,Garner LLC Cinemas,5494 York Mountains Apt. 999,South Pamelahaven,DE,6
214,"James, Evans and Brown Cinemas",35697 Leslie Stravenue,Port Christopher,MA,11
215,"Hatfield, Edwards and Brown Cinemas",3292 Glover Tunnel Apt. 296,Powellfort,MS,9
216,Johnson and Sons Cinemas,58300 Jeremy Wells Suite 421,Gordonport,GA,17
217,Colon LLC Cinemas,8985 Barron Dale Suite 753,Port Richard,IN,19
218,Acosta and Sons Cinemas,098 David Station,South Nancyview,WI,19
219,"Dean, Wheeler and Williams Cinemas",001 Wallace Crossing,Thomasberg,IL,10
220,"Jennings, Smith and Fisher Cinemas",849 Robert Cove,West Danielville,NM,16
221,Lynch LLC Cinemas,6420 Lozano Spurs,Riveratown,AL,5
222,"Davis, Rodriguez and Andrews Cinemas",18114 Stephen Hill Suite 701,Port Benjamin,LA,9
223,Solis-Edwards Cinemas,00225 Kline Road,Natalieland,MN,16
224,White-Morales Cinemas,6762 David Stream Apt. 216,Phammouth,HI,4
225,"James, Howard and Johnson Cinemas",7167 Bryan Shoal,Alexanderhaven,WI,16
226,"Ray, Cunningham and Levine Cinemas",891 Stanley Gateway Suite 562,North Dawnburgh,NY,12
227,Christian-Booth Cinemas,5354 William Plaza,Powellbury,CO,18
228,Wallace-Berry Cinemas,7517 Curtis Loop,New Andrealand,WY,13
229,"Richmond, Walsh and Wu Cinemas",755 Lisa Vista,Riverafort,VT,17
230,"Cox, Chavez and Davis Cinemas",55488 Park Cape,South Donald,VT,19
231,"Griffith, Rodriguez and Carr Cinemas",63735 Katherine Cape,Port Patriciamouth,TN,8
232,"Blanchard, Taylor and Porter Cinemas",697 Heather Extensions,North Paul,PA,10
233,"Andrade, Gordon and Cruz Cinemas",6547 Devon Rapids,Meganside,VI,13
234,Joseph-Walls Cinemas,39452 William Square,Jenniferstad,OH,10
235,Aguilar-Bender Cinemas,846 Alexandra Burg Suite 200,West Karen,GA,5
236,Vega-Thomas Cinemas,438 Michael Mission,New Mirandaside,VI,5
237,Newton PLC Cinemas,84066 Frye Spur Suite 800,Jamesmouth,MP,14
238,Pruitt Ltd Cinemas,893 Kelly Fall Apt. 228,South Billyview,OH,5
239,Anderson-Silva Cinemas,57202 Carlson Trail Suite 798,Charlesmouth,NC,5
240,Krueger PLC Cinemas,268 Davis Forges,Lake Martin,MN,19
241,Robinson-Goodwin Cinemas,015 Allen Row Apt. 056,South Jonathanport,AK,20
242,"Short, Brooks and Lang Cinemas",0435 Stacy Expressway Apt. 133,Houstonborough,ND,20
243,"Johns, Figueroa and Graham Cinemas",207 Johnson Cliffs,East Lauraside,CA,9
244,"Underwood, Bartlett and Russell Cinemas",665 Perry Crest Apt. 919,Lake Melaniestad,NY,5
245,Roberts Ltd Cinemas,147 Foster Shore Apt. 728,East Julie,WY,20
246,"Phillips, Walters and Evans Cinemas",88210 Ashley Lock Apt. 435,South Rebecca,PR,6
247,"Thomas, White and Jensen Cinemas",12908 Newman Cliffs Suite 141,Lake Beverly,MA,9
248,Anderson-Rios Cinemas,9135 Hayes Ridges,Heatherberg,OK,6
249,"Diaz, Stewart and Patterson Cinemas",3364 Taylor Street,Nataliemouth,NV,6
250,Hampton-Tucker Cinemas,91428 Jose Road,Lake Charlestown,PR,11
251,"Welch, Hess and Riley Cinemas",84887 Michael Fork,Dennishaven,NY,16
252,Sanders PLC Cinemas,392 Sean Fall,Lake Jessica,MI,7
253,Robinson Group Cinemas,45303 Hughes Motorway,North Tinamouth,CT,11
254,"Schmitt, Schultz and Hill Cinemas",892 Valdez Lakes Apt. 846,New Richard,GU,5
255,Tucker-Olson Cinemas,272 Chris Row,Jasonburgh,GA,6
256,Guzman-Montoya Cinemas,5177 Clark Estates,Johnsonton,DC,17
257,"Vargas, Taylor and Hunt Cinemas",24286 Natalie Stream,Staceyborough,NV,20
258,"Haney, Dillon and Jackson Cinemas",292 Jackson Spur Suite 799,East Nicholasberg,CT,14
259,Harris PLC Cinemas,91279 Natalie Place Apt. 172,Port Erikachester,NC,12
260,Wood-Williams Cinemas,76599 Ronald Glens Suite 314,Scotttown,VT,10
261,"Clarke, Lane and Wilson Cinemas",3565 Eric Run,Joseside,NE,14
262,"Diaz, Hill and Becker Cinemas",8872 Hansen Orchard,Vanessashire,MI,11
263,"Sanders, Taylor and Shields Cinemas",372 Jason Locks,Laurenton,GA,12
264,Oconnell-Smith Cinemas,79611 Walker Common,Lake Patrickfurt,RI,16
265,"Meyer, Dawson and Harper Cinemas",770 Melissa Unions,Jameshaven,NC,8
266,"Hall, Jackson and Johnson Cinemas",021 Chan Knoll,Sullivanborough,NC,13
267,Mclaughlin Inc Cinemas,489 Bailey Via,Jeremyborough,NH,18
268,Andrews-Green Cinemas,181 Morgan Crescent Suite 894,Churchshire,NJ,14
269,Todd Group Cinemas,071 Jones Roads Apt. 356,Zacharytown,UT,6
270,Wright-Davis Cinemas,82755 Patricia Grove Apt. 373,Lake John,KS,4
271,Perez and Sons Cinemas,11179 Kathryn Plains Apt. 759,Travisshire,VI,18
272,Henry-Joyce Cinemas,3920 Mendoza Plains Apt. 856,South Tiffany,UT,7
273,"Stevens, Norris and Smith Cinemas",9155 Lopez Greens,West Thomas,RI,6
274,Diaz-Jimenez Cinemas,5564 White Curve,Port Cory,KY,10
275,Peters Group Cinemas,27026 Taylor Vista,Kristenport,KS,20
276,"Garrison, Williams and Garcia Cinemas",34717 Green Lake,Mauricechester,DE,12
277,Dillon-Mccarty Cinemas,982 Kelly Spring,Hamptonmouth,FM,8
278,James LLC Cinemas,225 Welch Ports Suite 112,Jeremymouth,SD,15
279,Page-Jacobs Cinemas,7598 Gutierrez Ferry Apt. 234,East Garrettville,CT,6
280,Zuniga Group Cinemas,68114 Christopher Loaf,Jeromeport,NV,11
281,"Martinez, Rose and Jackson Cinemas",557 Proctor Plains,Amyberg,UT,15
282,"Thompson, Harper and Welch Cinemas",845 Fernandez Valley Apt. 745,Greenport,AL,13
283,Mills and Sons Cinemas,7807 Evans Trafficway Suite 493,New Nathanielchester,FM,9
284,"Kim, Wright and Espinoza Cinemas",3416 Zachary Union Suite 484,Lopezland,HI,18
285,Roberts Ltd Cinemas,749 Lopez Brook Apt. 080,North Julian,DC,13
286,"Gonzales, Smith and Davis Cinemas",3564 Bolton Mountain,West Christopherberg,AR,20
287,Rowe-Jones Cinemas,34601 Paul Mills Apt. 037,New Elizabethborough,NJ,4
288,Maldonado-Collins Cinemas,08814 Little Flat Suite 031,Lake Ryan,AL,13
289,Bauer PLC Cinemas,3009 Barker Drives,Kellibury,GA,7
290,Davis-Montgomery Cinemas,52812 Hall Point,Lindamouth,VA,8
291,Smith Group Cinemas,240 Mann Points Suite 873,New Michael,VA,12
292,Hill-Guerra Cinemas,82744 Gibson Trail,Grosstown,RI,7
293,Parsons-Allen Cinemas,863 Cannon Drives,Marcusmouth,DE,7
294,Mills Inc Cinemas,20317 Corey Ports,Barretthaven,RI,8
295,"Garza, Williams and Walker Cinemas",37170 Grant Mall,Lauraton,GU,12
296,"Baker, Williams and Jones Cinemas",38113 Lopez Pine Apt. 928,Reeseshire,MI,13
297,"Ellis, Ortega and Andrade Cinemas",86852 Mahoney Island,Meganchester,WV,10
298,"Jordan, Swanson and Franklin Cinemas",8457 Moyer Alley,West Caitlinhaven,DC,14
299,Smith-Joyce Cinemas,0488 Clinton Mount,Ericview,MN,10
300,"Wright, Scott and Evans Cinemas",315 Thompson Views Apt. 940,Millerton,PW,12
301,Bailey-Montoya Cinemas,39060 Warren Island Apt. 583,North Emily,MO,20
302,Mullins-Johnston Cinemas,64622 Miller Ports,New Raymondland,MO,19
303,"Hamilton, Wolfe and Gill Cinemas",376 Ann Street Apt. 314,Morrisshire,CO,12
304,Powers Group Cinemas,3559 Kayla Extension Suite 979,South Brady,GU,5
305,Gonzalez LLC Cinemas,110 Stacy Drive,Alexanderville,ME,6
306,Ruiz-Rivera Cinemas,88487 Heather Skyway,South Brandyhaven,AZ,17
307,Jackson-Campbell Cinemas,70164 Lin Brook Suite 636,West Toddside,CO,12
308,Gonzalez Group Cinemas,38457 Garner Brook,Gabriellestad,SC,5
309,Young-Good Cinemas,46084 Edward Lock Apt. 168,South John,FL,4
310,Waller-Browning Cinemas,8232 Michelle Inlet Apt. 629,West Carlos,ND,14
311,"Wilson, Stewart and Hobbs Cinemas",6647 Hernandez Field,East Jackview,PA,8
312,"Salazar, Carlson and Hall Cinemas",1728 Joseph Landing,Port Paul,NJ,12
313,Martin and Sons Cinemas,0463 Katherine Circles,South Michelle,NM,9
314,"Nguyen, Ellis and Wright Cinemas",96569 Abigail Mission Suite 038,Terrellton,OH,18
315,Black-Mccoy Cinemas,47644 Jackson Hill,Lake Zacharyberg,NH,17
316,"Hayes, Sharp and Wilson Cinemas",6570 Shawn Station,South Christopher,MD,4
317,"Wong, Dawson and Martin Cinemas",17518 Acosta Pass,South Andrea,AZ,7
318,Barr PLC Cinemas,22064 Cross Mission,Courtneyville,MH,6
319,Horne Inc Cinemas,77780 Young Radial Suite 767,New Carolbury,FM,8
320,"Ramirez, Fuller and Wilkins Cinemas",22050 Melissa Shores,Markland,AR,5
321,Butler and Sons Cinemas,499 Tammy Summit,Sarahland,WI,15
322,Morris-Merritt Cinemas,8147 David Wall,Markchester,NC,8
323,Dominguez PLC Cinemas,98179 Simmons Vista,Jordanshire,RI,17
324,Ho-Mendez Cinemas,772 Jeanette Fields Apt. 107,Lake Melaniechester,MT,8
325,Cook PLC Cinemas,34414 Hunter Islands,North Ginamouth,MO,5
326,"Carroll, Choi and Collier Cinemas",5770 Timothy Road,Mcclainside,MH,13
327,Ford-Olsen Cinemas,495 Jared Spur,Laurenstad,CA,15
328,Ramirez Inc Cinemas,8299 Lopez Crescent Suite 504,Millerbury,MN,5
329,Gallegos-Turner Cinemas,15031 Hunter Union Suite 823,Sandrahaven,ME,15
330,Thomas-Wiggins Cinemas,07681 Larry Cape,West Steventon,CT,10
331,"Miranda, Reese and Johnson Cinemas",353 Justin Place Suite 714,East Joshua,AL,11
332,"Castro, Garcia and Daniels Cinemas",2493 Charles Ridge Suite 870,North Thomas,TX,7
333,Rodriguez Inc Cinemas,6299 Jensen Inlet,Lisaside,CO,15
334,Bradley-Davis Cinemas,74773 Douglas Ridges Suite 562,Kristinamouth,NH,17
335,Johnson-Alvarez Cinemas,7245 William Lodge Apt. 581,Amandafurt,OR,8
336,Allen-Sanchez Cinemas,6153 Mueller Mews,Amybury,HI,11
337,"Caldwell, Stevenson and Joseph Cinemas",99758 Lynn Fall Suite 619,Lake Lisafurt,MD,9
338,Newman-Brown Cinemas,90227 Price Ports,Gonzalezmouth,ME,9
339,"Bauer, Frazier and Sellers Cinemas",519 Cheryl Pass Suite 240,Rachelton,AL,17
340,"Castro, Irwin and Rodriguez Cinemas",36965 Sullivan Mews Apt. 272,New Patrick,MN,4
341,Moore-Bright Cinemas,01027 Proctor Dale,East Dawnchester,VI,9
342,English-Dominguez Cinemas,278 Arnold Mission Suite 532,Jacobsshire,NM,14
343,"Young, Shaw and Jenkins Cinemas",09751 Nixon Common Apt. 847,New Pamelaland,IA,17
344,Mccoy-Alvarado Cinemas,894 Rebecca Place,South Shawnfort,OK,11
345,"Rivera, Gomez and Levine Cinemas",2094 Brown Mountains Apt. 904,West Toddberg,NY,12
346,York LLC Cinemas,94440 Cassandra Ramp Apt. 752,Kimberlybury,NM,9
347,Lloyd Inc Cinemas,29276 Young Mill Apt. 395,Lake Josephville,AR,7
348,Marshall Group Cinemas,8366 Baker Pines Suite 047,Gregoryhaven,TX,16
349,Davis PLC Cinemas,9454 Lang Glens Suite 739,New Matthew,UT,5
350,Edwards Inc Cinemas,06181 Bell Stream,Johnathanton,AK,19
351,"Davis, Mays and Douglas Cinemas",111 Nicholas Track,North Heather,KS,11
352,Owens-Mayer Cinemas,6542 Joshua Circle Suite 650,Stephanieview,HI,10
353,Jones-Krause Cinemas,627 Douglas Trafficway,Robinsonville,PW,18
354,Baldwin-Garcia Cinemas,94707 Denise Alley,Lake Peterberg,UT,15
355,Conway-Andrews Cinemas,6618 Aaron Spurs Suite 198,Mathewport,MO,13
356,Chen Ltd Cinemas,8517 Holland Fall,South Donnaport,UT,11
357,Mosley-Mccoy Cinemas,1732 James Stravenue Apt. 761,Victormouth,AK,11
358,Morgan LLC Cinemas,1387 Joyce Fort,North Jillfort,SD,4
359,Ruiz PLC Cinemas,20204 Stephen Extension,Port Lisaville,NM,10
360,"Lloyd, Walker and Brock Cinemas",6519 Marc Underpass Apt. 092,Bryanview,FL,16
361,Jackson-Wood Cinemas,3902 Kylie Roads,Stricklandtown,FM,14
362,Miller-Smith Cinemas,946 Schwartz Ford,Lake Joseph,NV,12
363,Allen-Thompson Cinemas,279 Courtney Tunnel,Michaeltown,OH,6
364,Lee PLC Cinemas,588 Steven Road,West Brian,DE,12
365,Jennings Group Cinemas,20054 Ryan Isle Suite 010,East Kristen,NM,15
366,"Wilson, Jacobson and Griffith Cinemas",3531 Perez Freeway Suite 363,South Brendaton,FM,20
367,Thomas-Reilly Cinemas,65273 Cantrell Flats Suite 209,West Derekmouth,NH,16
368,Jackson-Cooper Cinemas,292 Christopher Walks Suite 397,Ramirezchester,WA,14
369,Wright Group Cinemas,290 Baird Canyon,Quinnhaven,AZ,4
370,Schmidt-Mendoza Cinemas,7318 Heather Lodge,East Michael,IA,7
371,"Duarte, Smith and Caldwell Cinemas",799 Tiffany Mountain,Port Jacqueline,HI,12
372,Sims-Padilla Cinemas,165 Kenneth Terrace,Helenside,OK,9
373,French Inc Cinemas,085 Daniel Lakes Suite 905,Gregoryside,VT,12
374,Castro and Sons Cinemas,3817 Karen Trace,West Michael,KY,5
375,"Frazier, Ramirez and Brown Cinemas",7881 Mckinney Springs Suite 795,East Patriciamouth,CO,7
376,Myers and Sons Cinemas,12412 Hernandez Ford Apt. 468,South Michael,NV,17
377,"Newman, Carter and Brown Cinemas",569 Rios Turnpike,Toddhaven,MP,15
378,"Wallace, Torres and Anderson Cinemas",43754 Eddie Haven Suite 292,Ianburgh,MP,14
379,"Schwartz, Estrada and Hernandez Cinemas",05927 Wood Ford,Lake Loganstad,FL,17
380,West-Cantrell Cinemas,06727 Moore Streets Suite 474,Port Annette,PW,20
381,Morgan-Rodriguez Cinemas,28140 Williamson Forges Suite 515,New Danielleshire,NC,7
382,Harrington LLC Cinemas,18718 Lee Island,Lake Michaelberg,VT,16
383,Wood-Watson Cinemas,5478 Jason Mills Suite 742,Chandlerchester,DC,10
384,"Harper, Thomas and Turner Cinemas",96106 Perry Point Suite 923,Port Patrick,OH,12
385,Williams-Mckenzie Cinemas,8730 Eric Hills Suite 146,South Rebecca,SD,5
386,Johnson LLC Cinemas,95979 Oneill Road Suite 158,Port Jordanshire,AR,17
387,Flores Ltd Cinemas,2045 Fields Knolls,West Kellyland,NY,4
388,Miranda and Sons Cinemas,285 Serrano Spur,Josephstad,CT,20
389,"Carpenter, Morrow and Smith Cinemas",7652 Jeffery Parkway Apt. 389,South Stevenland,DE,10
390,Mclean Group Cinemas,5279 Jackson Hollow Apt. 132,Lake Jeremy,DC,15
391,Anderson Inc Cinemas,110 Todd Canyon Apt. 108,South Davidview,AZ,17
392,Turner Inc Cinemas,93932 Johnson Drive,Stacystad,MI,6
393,Wyatt Ltd Cinemas,911 Allison Stravenue,West George,WV,14
394,"Smith, Swanson and Glass Cinemas",9271 Mary Light Suite 383,Rodriguezmouth,DE,14
395,Rodriguez-Taylor Cinemas,480 Mark Crescent Suite 479,Gloriamouth,IN,7
396,"Russell, Mercer and Patterson Cinemas",5207 Randy Pike,North Douglasfurt,UT,13
397,"Madden, Figueroa and Stafford Cinemas",53539 Martinez Villages,Hardyview,WV,20
398,"Miranda, Wheeler and Avila Cinemas",7967 Hernandez Motorway Apt. 147,Hallberg,AK,13
399,Rojas Inc Cinemas,026 Hernandez Road Apt. 187,Harrisfort,NM,17
400,"Green, Cooper and Heath Cinemas",61675 Ramos Camp,East Angelaport,FM,14
401,"Martin, Jordan and Edwards Cinemas",1978 Alvarez Walk Apt. 806,Troyfurt,RI,16
402,"Gomez, Levine and Flores Cinemas",025 Pacheco Prairie,Port Patriciamouth,MS,13
403,Patterson LLC Cinemas,0333 Watkins Spurs Apt. 415,North Amanda,AZ,8
404,Barrett-Henderson Cinemas,0790 Gray Loaf Suite 917,Lake Emilymouth,NM,10
405,"Cain, Contreras and Jackson Cinemas",6371 Karl Causeway Suite 963,Lake Meganville,OR,17
406,Nelson-Knight Cinemas,3514 Reynolds Plains Suite 366,Colleenmouth,TN,16
407,"White, Smith and Warner Cinemas",737 Giles Place,Michaelton,NC,9
408,Diaz and Sons Cinemas,46651 Meghan Grove,Debbieview,TX,13
409,"Young, Allen and Hernandez Cinemas",47786 Lucas Camp,East Joseph,AK,16
410,Clarke-Ramirez Cinemas,070 Michele Corner,Carolynland,MH,4
411,Mosley-Powers Cinemas,2319 Alejandra Village,Tylerland,IA,13
412,"Martinez, Roman and Murphy Cinemas",363 Daniel Forest Suite 764,South Amandaville,MD,13
413,"Coleman, Vega and Richmond Cinemas",7540 Mckenzie Shore,Lake Samanthabury,KS,10
414,"Cruz, Fowler and Haynes Cinemas",376 Renee Lock,Kevinbury,ME,17
415,Villarreal and Sons Cinemas,560 Delacruz View Suite 765,Mcdowellville,GU,14
416,Hale PLC Cinemas,6985 Neal Track,Lake Darlenemouth,WY,18
417,"Taylor, Morales and Fuller Cinemas",112 Zachary Trafficway Apt. 965,Mendozaberg,KS,18
418,Mcdaniel LLC Cinemas,16526 Duffy Ports Apt. 008,North Terri,ID,18
419,Haynes-Jackson Cinemas,694 Christopher Land Apt. 910,Ayalamouth,GU,10
420,"Snyder, Walker and Harris Cinemas",7626 Carol View Suite 362,Sparkstown,LA,20
421,Young-Hayes Cinemas,9710 Anderson Islands,Mcdanielfurt,VT,19
422,Fitzgerald-Scott Cinemas,005 Thomas Knoll,North Jonfurt,ME,9
423,Lambert-Anderson Cinemas,242 Conrad Wells,Andersonmouth,VT,6
424,"Hamilton, Green and Edwards Cinemas",4564 Austin Trace,Zacharychester,MH,13
425,Stewart Group Cinemas,703 Brian Falls,South Jorgemouth,NE,20
426,Carney Group Cinemas,5877 Rodriguez Stravenue,North Michael,IL,14
427,White-Jackson Cinemas,939 Alicia Ports Apt. 613,Rhodesmouth,AK,6
428,Maldonado-Becker Cinemas,9152 Christopher Village Suite 749,West Taramouth,MD,11
429,"Cooke, Meadows and Robles Cinemas",04501 Davis Glens,East Tammy,VI,13
430,Davis-Phelps Cinemas,6421 Henry Meadows,Rebeccaberg,MI,11
431,"Davis, Richardson and Gonzalez Cinemas",7499 Davis Manors Suite 926,Davishaven,MA,10
432,Rhodes-Holland Cinemas,8814 Kim Unions,Evansberg,TX,8
433,Skinner-Mills Cinemas,081 William Pass Suite 617,Michaelshire,CO,4
434,"Smith, Yang and Ford Cinemas",0164 Matthews Motorway,Hansonview,MA,5
435,Clark Inc Cinemas,168 Adam Crescent Apt. 277,Meltonfort,ME,11
436,"Li, Jensen and Vazquez Cinemas",1220 Daniel Brook Apt. 037,Lake John,MP,19
437,"Garrison, Ryan and Miller Cinemas",76012 Joanne Mills Suite 707,East Kenneth,MP,6
438,Williams-Smith Cinemas,7998 Johnson Locks Suite 899,Hallton,NC,18
439,Henderson LLC Cinemas,6717 West Mews,East Keithborough,NJ,17
440,Kim-Romero Cinemas,724 Moyer Village Suite 729,West Hannah,CO,10
441,"Webb, Thompson and Moore Cinemas",67433 Yvette Knolls Suite 522,Port Brycechester,DE,16
442,"Perez, Hoffman and Tucker Cinemas",0842 Jasmine Mill Suite 119,Port Annahaven,CT,19
443,Soto and Sons Cinemas,47871 Deborah Isle Apt. 137,Hammondtown,IA,16
444,Peterson-Wagner Cinemas,5653 Karen Pines,Cobbberg,AS,11
445,Gutierrez-Ortiz Cinemas,507 Kayla Stravenue Apt. 155,Holdenburgh,NE,8
446,Long Inc Cinemas,084 Morales Springs,Jennifermouth,PW,4
447,Smith-Ramirez Cinemas,673 Terry Valleys,Roweport,CO,7
448,Medina Group Cinemas,843 William Inlet,Katherineburgh,AK,17
449,Zamora PLC Cinemas,46810 Green Parkways Suite 101,Evanstown,NH,11
450,Bird-Trujillo Cinemas,4492 Stone Gateway,West Zacharyborough,GU,9
451,Gibson-Thomas Cinemas,1106 Thomas Mission Apt. 586,Wigginsshire,NM,20
452,"Henderson, Alexander and Galvan Cinemas",622 Todd Mount Apt. 881,South Thomas,WA,18
453,Raymond LLC Cinemas,611 Armstrong Canyon,North Nathan,MN,5
454,Carter-Johnson Cinemas,96044 Isaac Streets,Smithside,MI,11
455,Harrell Group Cinemas,497 Harrington Mountains Apt. 287,Contrerasberg,VI,7
456,"Nguyen, Marsh and Beck Cinemas",3658 Susan Mills Suite 120,Annville,SD,18
457,"Miller, Friedman and Weaver Cinemas",837 David Place,North Joshua,IL,8
458,Gallegos PLC Cinemas,89569 Travis Brooks Suite 626,Port Allisonfurt,KS,18
459,Wilson Inc Cinemas,2241 Kristopher Lodge,North Christina,MD,20
460,Johnson Inc Cinemas,1526 Scott Views Apt. 033,South William,NY,14
461,Avery-Adams Cinemas,8617 Rick Fort Apt. 489,East Kathrynberg,ME,18
462,"Russell, Miller and Fields Cinemas",58238 Ali Point,Williamsmouth,MP,20
463,"Roberts, Stanton and Smith Cinemas",9465 Brenda Pass Suite 028,West Christopherville,MP,17
464,Hardy LLC Cinemas,98554 Nelson Shore Suite 537,Allenberg,SD,18
465,Lynch Inc Cinemas,268 Farmer Plain,Port Nancyland,ND,9
466,Stafford Ltd Cinemas,156 Hughes Villages Apt. 175,South Albert,WA,19
467,Chang Ltd Cinemas,19433 Coffey Camp Suite 793,East Traceyfurt,DE,18
468,Carroll-Snyder Cinemas,999 Cameron Crossroad,East Jordanshire,PR,12
469,Ibarra Ltd Cinemas,08948 Smith Meadow Apt. 566,Davidhaven,NH,11
470,Ward-Blake Cinemas,46875 Philip Isle,New Lindseybury,UT,12
471,Rosario-Stark Cinemas,54110 Reynolds Burg,Marybury,CT,20
472,Allen-Peterson Cinemas,8319 Duran Road,Rileyland,AR,19
473,Bennett Ltd Cinemas,07049 Jones Springs,New Brettfurt,MO,11
474,Williamson Group Cinemas,907 Marshall Meadow,West Debratown,NH,12
475,"Murphy, Lee and Garcia Cinemas",392 Kelly Orchard,Lopezberg,AS,18
476,Brown LLC Cinemas,549 Dylan Inlet Suite 450,North John,GU,6
477,"Trevino, Henderson and Gonzalez Cinemas",315 Elizabeth Square,Greenemouth,PR,13
478,"Knight, Rogers and Evans Cinemas",17073 Danielle Square Apt. 793,South Jessica,GU,11
479,Aguirre-Bennett Cinemas,05015 Angela Divide Suite 739,Bradleytown,ID,12
480,Mitchell and Sons Cinemas,258 Gregory Brooks Apt. 410,South Diana,FM,14
481,Morgan and Sons Cinemas,3552 Johns Circles Apt. 223,New Nicholas,MN,14
482,Greene-Rowland Cinemas,99384 Mark Center,Moniquehaven,OR,6
483,Clark-Miller Cinemas,912 Potter Rue Suite 787,West Jennifer,NC,8
484,"Webb, Sosa and Wells Cinemas",903 Patricia Mission Apt. 634,Onealshire,GA,8
485,Scott-Miller Cinemas,7853 Steven Road,Ronaldmouth,NE,11
486,Richardson-Jimenez Cinemas,0273 Brewer Knolls Apt. 488,Port Joshuabury,CT,16
487,Jones Inc Cinemas,3544 Lee Rapids,Port Karen,WA,8
488,"Gaines, Smith and Evans Cinemas",6907 Michelle Forks Apt. 373,Sharpmouth,MA,10
489,Edwards and Sons Cinemas,637 Farrell Burgs Suite 292,Sherrytown,NM,6
490,"Flowers, Morgan and Barnes Cinemas",845 Ashley Bypass Apt. 259,Bairdborough,MO,17
491,Ferguson and Sons Cinemas,59741 Damon Plaza Apt. 097,East Jamesfurt,LA,17
492,Hall Ltd Cinemas,0580 Mark Loop,Mooreville,DC,14
493,"Barnes, Paul and Price Cinemas",34672 Matthews Parkway,Hilltown,FL,18
494,Brown-Ross Cinemas,597 Ford Canyon,West Debbiemouth,MI,17
495,"Kirby, Sparks and Myers Cinemas",3296 Cruz Shoals,Lake Ashley,MO,5
496,"Bautista, Allen and Harrell Cinemas",841 Regina Loop Apt. 511,Robertburgh,KS,10
497,Hunter Group Cinemas,76563 Johnson Glen,Lake Sallymouth,TN,17
498,"Marshall, Murray and Miller Cinemas",727 Skinner Extension,New Craigport,DE,16
499,"Figueroa, Jackson and Powers Cinemas",427 Thompson Station,Lake Amandamouth,UT,4
500,Copeland PLC Cinemas,4709 Brandon Lane,East Nicholas,IA,16
501,Davis Group Cinemas,53131 Jennifer Cape,Huntmouth,MD,19
502,"Sims, Weber and Villa Cinemas",1331 Morris Bridge Suite 506,South Jeffrey,TN,4
503,Santos-Wood Cinemas,64971 Johnathan Court,Tinafurt,TX,15
504,"Anderson, Thompson and Gill Cinemas",715 Charlotte Prairie Suite 683,East Andrewville,ME,13
505,Rojas and Sons Cinemas,25743 Nicholas Row,East Sandramouth,WA,16
506,Taylor-Stewart Cinemas,640 Melanie Isle,Johnside,AR,17
507,"Mcneil, Solis and Horton Cinemas",685 Scott Avenue,Port Travisborough,AR,11
508,"Braun, Mays and Martinez Cinemas",833 Ronald Mountain,Frankborough,IA,19
509,Thompson-Wright Cinemas,734 Miller Lake Suite 627,Hendersonchester,WV,11
510,Weiss Group Cinemas,6149 Angela Extensions,Oscarport,NH,12
511,Brooks-Obrien Cinemas,2732 Adam Wall,Travischester,MO,17
512,"Brooks, Burns and Davidson Cinemas",0169 James Mews,Kelseystad,NY,19
513,"Burns, Barker and Horton Cinemas",3370 Mccoy Springs Apt. 249,Blackburnberg,KS,4
514,Guzman Ltd Cinemas,11669 April Field,Martinchester,KS,16
515,"Turner, Ponce and Barrett Cinemas",461 Daisy Trail Suite 243,Haletown,GA,14
516,Smith-Jones Cinemas,646 Gregory Ferry Apt. 372,South Ashleyborough,HI,16
517,Brown and Sons Cinemas,6791 Christopher Corner,Martinezland,MA,9
518,Richards Group Cinemas,100 Walton Avenue Apt. 138,South Carrieview,NM,18
519,Sherman-Munoz Cinemas,5535 Gray Centers Suite 510,Harrellfurt,VA,8
520,Johnson Inc Cinemas,357 Robertson Shore Apt. 050,Morganmouth,TX,4
521,Hall-Washington Cinemas,6716 Lawson Station,Port Abigail,OK,16
522,"Wagner, Anderson and Robles Cinemas",872 Friedman Orchard Apt. 332,North Ryantown,GA,4
523,Orr-Miranda Cinemas,471 Sandra Roads,Davismouth,VI,6
524,Huynh PLC Cinemas,566 Stokes Fork,Darrellland,DE,17
525,Peterson PLC Cinemas,195 Melissa Light,West Bryanside,ID,8
526,Whitney-Flores Cinemas,289 Daniel Branch Suite 524,South Erin,FL,18
527,"Campbell, Burgess and Sweeney Cinemas",548 Joshua Vista,Welchborough,NM,9
528,Padilla-Bennett Cinemas,33027 Evans Via Apt. 086,Robertofort,MI,5
529,Myers-Rose Cinemas,3861 Marcus Turnpike Apt. 472,South Heather,LA,12
530,Clark Ltd Cinemas,059 Erika Walks,South Stephanie,NE,16
531,"Skinner, Howe and Davis Cinemas",01859 Booker Road Suite 301,South Tracy,UT,14
532,"Blevins, Delgado and Bennett Cinemas",6475 David Corner,South Darlenehaven,IN,10
533,Matthews PLC Cinemas,1926 Cooke Squares Suite 492,West Bryanside,HI,18
534,Hess-Smith Cinemas,89813 Henry Rapid Apt. 087,Davidberg,OK,14
535,Delgado Inc Cinemas,11845 Rodney Shoals Apt. 340,Donnamouth,DC,14
536,"Henry, Edwards and Bartlett Cinemas",883 Elaine Cape Apt. 032,Melissaborough,DC,16
537,"Arnold, Vargas and Ramirez Cinemas",84462 Bryant Glens Suite 283,Lake Jessicaborough,VT,12
538,Elliott-Holland Cinemas,2566 Tamara Gateway,West Davidville,TX,17
539,"Russell, Murphy and Davis Cinemas",2340 Nicholas Forges Suite 112,Briannafort,CT,12
540,"Bailey, Armstrong and Campbell Cinemas",102 Potts Loaf Apt. 588,Woodsberg,KS,6
541,Parks Ltd Cinemas,226 Brown Stream,Jasminebury,TX,19
542,"Barnes, Ellis and Gonzales Cinemas",8446 Kevin Walks Apt. 465,Lake Christopherbury,CO,4
543,Johnston Inc Cinemas,706 Timothy Passage Apt. 609,Port Julie,VT,5
544,Park-Brady Cinemas,890 Oconnell Spring,East Charles,MP,15
545,Palmer Inc Cinemas,6251 Sloan Gateway Apt. 447,Josephtown,WA,11
546,"Carroll, Robinson and Torres Cinemas",9705 Christina Isle,Michaeltown,MI,6
547,"Lopez, Gomez and Garcia Cinemas",18826 Robin Avenue Apt. 437,Brooksstad,NE,5
548,Herrera LLC Cinemas,7225 Smith Ways,North Jake,AZ,4
549,Foster Ltd Cinemas,23741 Burns Park Apt. 568,Andersonville,WY,11
550,Martinez LLC Cinemas,305 Bray Street,South Timothyport,NM,10
551,Hodges and Sons Cinemas,823 Wang Way,Virginiabury,TN,4
552,Gonzalez-Mccarthy Cinemas,892 Victoria Ramp,East David,MO,8
553,Hill and Sons Cinemas,0931 Omar Pine,Isabelbury,IN,11
554,Simmons-Brown Cinemas,041 Cox Keys Suite 350,North Aaron,TN,8
555,"Morris, Mitchell and Ramirez Cinemas",2475 Torres Court,Lake Andreaberg,MA,19
556,Figueroa-Ward Cinemas,43961 David Summit Apt. 093,Lake Sean,CT,7
557,Mcmahon PLC Cinemas,7382 David Manor Suite 855,Sotoville,PW,10
558,Jones-Barnes Cinemas,94240 Laura Square,Lake Lisa,NM,18
559,"Patel, Palmer and Jones Cinemas",686 Lawson Ford Apt. 029,New Heather,FM,12
560,"Gibson, Zimmerman and Warren Cinemas",44812 Brandon Freeway Suite 024,West Morgan,AR,15
561,"Whitney, Mayo and Clark Cinemas",59551 Bowen Lodge,Markton,SC,9
562,Holloway and Sons Cinemas,40891 Bautista Glens Apt. 735,Jamesfurt,FL,7
563,Hall-Barber Cinemas,71727 Lisa Fall Apt. 972,Andrewburgh,FM,9
564,Roth Ltd Cinemas,21637 Garcia Pine,Lake Karen,AL,13
565,"Garcia, Cruz and Rodriguez Cinemas",023 Joseph Road,Port Tammyville,ND,7
566,"Meyers, Farrell and Miller Cinemas",9724 Mendoza Gardens,New Heatherside,DE,4
567,Bryan Inc Cinemas,86203 Jeremy Lights Apt. 543,Mcdanielville,NM,13
568,Ewing and Sons Cinemas,5195 Michael Corner,New Edwardchester,NC,16
569,Greene-Shelton Cinemas,494 Hutchinson Groves,Stanleyview,AS,16
570,"Lindsey, Mccormick and Hensley Cinemas",252 Griffin Underpass,Briggsville,OK,10
571,Moyer-Ramirez Cinemas,2265 Snyder Orchard,Guzmanmouth,DC,6
572,"Dorsey, Reyes and Dunn Cinemas",836 Bianca Manor Apt. 135,East Victoriatown,MN,11
573,"Wells, Anderson and Rodriguez Cinemas",2472 Sanchez Views Apt. 021,South Jessica,UT,7
574,Watson-Miles Cinemas,9202 Thomas Gardens,North Ashleychester,FL,13
575,Harrison and Sons Cinemas,6570 Rodriguez Circle Apt. 928,North Randy,NE,7
576,"Vaughan, Gibson and Dawson Cinemas",843 Huynh Groves Apt. 862,South Christine,IN,5
577,White-Reese Cinemas,775 Wilcox Expressway,Port Nathanchester,ID,15
578,Rodriguez-Miller Cinemas,34281 Jason Branch Suite 383,East Josephshire,OK,17
579,Elliott Group Cinemas,51405 Benjamin Parkway,West Karen,VA,15
580,Dickson-Park Cinemas,6818 Andrew Underpass,Woodston,LA,6
581,Hernandez Group Cinemas,133 Kayla Estates,Sethberg,MA,20
582,Ward-Chase Cinemas,63399 Susan Port Suite 102,Amyland,NM,14
583,Gibson and Sons Cinemas,14955 Charles Station Suite 474,Santosberg,DE,4
584,"Freeman, Cox and Mitchell Cinemas",275 Brooks Springs Suite 874,New Tiffanyton,WA,17
585,Lyons PLC Cinemas,14629 Nash Fork,Sawyerland,MI,19
586,Mcdonald-Nichols Cinemas,12166 Richard Circles Suite 597,Lake Judith,DE,7
587,Gibson-Gardner Cinemas,35909 Brown Valley Suite 673,East Mirandachester,KY,17
588,Reid-Miller Cinemas,6147 Warren Skyway,Jackton,CO,15
589,Peterson-Mullins Cinemas,56778 Tammy Mews,Ritashire,MS,18
590,Hoffman PLC Cinemas,99255 Edward Mount,South Michelle,DE,8
591,"Russell, Meyer and Smith Cinemas",79103 Robert Plains Apt. 963,Jasonborough,TX,17
592,"Friedman, Wood and Cox Cinemas",8177 Jenkins Knoll Suite 851,South Ross,HI,9
593,"Larson, Daniels and James Cinemas",491 Linda Cove Apt. 096,South Karenside,CT,20
594,"Wallace, Perkins and Johnson Cinemas",3378 Wilson Walks Suite 157,Odonnellfurt,AL,12
595,Casey-Romero Cinemas,446 Adam Mall Apt. 002,Maryhaven,GU,19
596,"Greene, Rogers and Haley Cinemas",86396 Laurie Ports Suite 262,Stronghaven,GA,18
597,Hall-Mckinney Cinemas,196 Hood Estate,Jamesland,AK,17
598,Smith-Carrillo Cinemas,98196 Julia Curve,Waltersstad,HI,12
599,Delgado and Sons Cinemas,83640 Miller Divide Apt. 911,Hoville,CT,14
600,Campbell and Sons Cinemas,75361 Pope Loop,South Susanland,IL,11
601,"Barnes, Preston and Schultz Cinemas",24029 David Junctions Suite 799,East Aimeeview,DE,6
602,Obrien PLC Cinemas,823 Wilson Forge,West Dillonland,VA,12
603,"Case, Adams and Olson Cinemas",8477 Hunt Locks,West Gerald,TX,18
604,"Campbell, Long and Silva Cinemas",37676 Cabrera Road Apt. 966,New Michael,MH,11
605,"Weiss, Cole and Preston Cinemas",649 Sanders Crescent Apt. 562,Johnborough,TN,18
606,Watson-Chan Cinemas,50537 Roach Points,South Justinborough,NC,16
607,Garcia LLC Cinemas,665 Gonzalez Causeway,Jimenezview,MT,14
608,Martinez and Sons Cinemas,639 Justin Row Apt. 742,Johnsonside,PW,4
609,"Williams, Newman and Jones Cinemas",4455 Miller Trail,Troyton,MO,19
610,Horton-Gibson Cinemas,9103 Margaret Dam,West Michellechester,IN,14
611,Miller Ltd Cinemas,004 Daniel Hollow Apt. 459,Nelsonburgh,DC,9
612,"Murray, Martinez and Atkins Cinemas",718 Becky Shore Suite 457,North Joseph,LA,19
613,"Miller, Hansen and Salas Cinemas",117 Jason Skyway,South Lori,ID,10
614,Garcia-Clark Cinemas,7281 Jeffery Lakes Suite 798,Port Ricardo,CA,15
615,Henderson-Parks Cinemas,71130 Lopez Burgs,Stanleymouth,MI,12
616,Wilson-Pierce Cinemas,3268 Romero Center Suite 451,Lake Patrickchester,ID,14
617,Lopez-Thompson Cinemas,978 Rodriguez Causeway Apt. 131,North Barbarabury,CA,12
618,"Garcia, Perez and Oliver Cinemas",6134 Harris Turnpike Apt. 549,Jessicaville,HI,12
619,"Velez, Howell and Stevenson Cinemas",51225 Thomas Bridge,Pattersontown,HI,4
620,Ibarra-Jackson Cinemas,579 Tracy Gateway,Rodrigueztown,OK,20
621,"Mooney, Conley and Fox Cinemas",11457 Navarro Plains,Elizabethview,MN,10
622,Smith-Gomez Cinemas,971 Jennings Stream Apt. 263,West Tyler,IA,6
623,"Figueroa, Mcpherson and Howard Cinemas",61487 Joseph Springs,Pamelafurt,OR,11
624,Landry-Hill Cinemas,98591 Pope Port,Keithtown,NM,17
625,"Thomas, Becker and Mills Cinemas",824 Roberts Union Suite 070,West Margaret,DE,19
626,Freeman Inc Cinemas,0042 Koch Turnpike Apt. 142,South Brenda,CO,11
627,Robinson-Kennedy Cinemas,66614 Harper Extensions Suite 592,West Derek,OH,19
628,Turner Inc Cinemas,782 Patton Village Suite 128,Bensonhaven,TX,19
629,"Howard, Gomez and Owens Cinemas",0806 Katelyn Ridges Suite 398,Davidside,MH,18
630,"Rich, Brown and Bruce Cinemas",0787 Christopher Groves,West Brookeport,OK,4
631,Vaughn-Lin Cinemas,980 Zachary Points,Taylorberg,ME,6
632,"Collins, Hays and Smith Cinemas",311 Eric Crest Apt. 331,Johnsonhaven,NV,13
633,Brown-Martinez Cinemas,2384 Villarreal Ridges Apt. 620,East Lori,TN,11
634,Jackson Ltd Cinemas,7441 Richardson Harbor,Cruzville,NH,16
635,Li-Hernandez Cinemas,1960 Johnson Run Suite 052,Khanmouth,KY,11
636,Holden LLC Cinemas,8681 Diana Knoll,Stephenberg,KY,13
637,"Turner, Long and Hendricks Cinemas",7929 Anderson Islands Suite 996,North Anthonyburgh,IN,15
638,Ortega Group Cinemas,3312 Campos Manor Apt. 094,North Melanieland,NV,19
639,Obrien-Pittman Cinemas,1762 James Overpass,Sheltonbury,ID,20
640,"Martin, Cervantes and Stokes Cinemas",90130 Patricia Lake,Carrollland,MA,15
641,Fleming Ltd Cinemas,39785 Montgomery Points Apt. 176,Sawyershire,CO,17
642,Patton LLC Cinemas,73098 Johnson View,Sandraview,MS,14
643,"Howard, Brennan and Moore Cinemas",89389 Ross Centers Apt. 974,North Matthewview,ID,15
644,Barron-Brown Cinemas,503 Jones Port,West Tinachester,PA,18
645,"Salazar, Miller and Arnold Cinemas",0107 Debra Meadows,Turnerbury,AK,12
646,Johnson and Sons Cinemas,087 Paul Lane Apt. 668,North Samuel,MH,13
647,"Haas, Richardson and Lee Cinemas",33190 Robert Terrace Apt. 030,North Davidburgh,LA,12
648,Edwards PLC Cinemas,2967 Diane Club,Shawnaborough,NM,11
649,"Moss, Kelly and Herman Cinemas",4584 Alison Grove,Heidihaven,CT,7
650,Reed Group Cinemas,1328 Kevin Plaza Apt. 152,East Hollymouth,DE,10
651,Porter Inc Cinemas,9641 Joshua Ridge Suite 706,Wallacebury,IL,14
652,Lopez-Jordan Cinemas,408 Pineda Rest,Sandraview,AS,7
653,"Robinson, Johnson and Swanson Cinemas",0186 Garrison Place Suite 699,Franciscofurt,NH,9
654,"Riddle, Allen and Velez Cinemas",413 Morgan Locks Apt. 945,Donnatown,DE,10
655,Carroll-Morris Cinemas,77070 Johnson Knolls Suite 836,New Sheilaview,MH,10
656,"Arnold, Ashley and Alexander Cinemas",4723 Dylan River Apt. 310,Lake William,NV,19
657,"Stewart, Tran and Perez Cinemas",0580 Michael Club Suite 181,East Mark,MN,12
658,"Perry, May and Liu Cinemas",59556 Ruiz Hill,East Michealport,FL,20
659,"Johnson, Lynch and Morton Cinemas",69026 Stephanie Fork Suite 818,New Thomashaven,NC,13
660,Stewart-Lee Cinemas,53537 Goodman Crescent Apt. 765,West Annland,PW,7
661,Valdez-Jacobs Cinemas,3928 Kimberly Lodge Apt. 944,Leeland,MT,10
662,Wagner-Hernandez Cinemas,327 Garrett Manor Suite 871,Port Austin,NE,13
663,Vaughn Inc Cinemas,866 Anderson Square,Lake Kelly,MA,11
664,Vargas-Jensen Cinemas,57676 Todd Squares,Lake Isaac,WI,15
665,"Hendricks, Zuniga and Miller Cinemas",957 Flores Fall,Shirleyville,IN,9
666,Snyder-Williams Cinemas,5652 Bobby Street Apt. 684,Coryport,GA,13
667,Roberts Group Cinemas,24491 Elizabeth Divide Apt. 388,North Carmen,AZ,4
668,"Medina, Lee and Freeman Cinemas",3496 Meyer Village,Phillipsville,VT,8
669,"Calhoun, Wilson and Oneal Cinemas",1241 Lara Summit Apt. 152,Joshuahaven,TX,12
670,Mann LLC Cinemas,1853 Stacy Road,East Derrickfurt,VI,5
671,Nunez LLC Cinemas,72742 Cynthia Corners Apt. 061,Grantborough,VT,5
672,Williams Ltd Cinemas,693 Washington Shoals Apt. 434,Henryfurt,PA,13
673,Daniels-Phillips Cinemas,46753 Wilson Mountain,Donnastad,UT,8
674,Bush-Ayala Cinemas,9630 Adams Forge Suite 085,Emilychester,MO,19
675,Coleman-Green Cinemas,7350 West Forges,New Jamie,SC,7
676,Gould PLC Cinemas,98006 Kimberly Isle Suite 810,West Amanda,GA,4
677,"Foster, Robbins and Roberts Cinemas",5638 Shelby Camp,Port Shelbyville,NY,13
678,Moody-Williams Cinemas,0330 Brady Via Suite 624,North Charleschester,AK,19
679,Newton PLC Cinemas,96394 Coleman Summit,West Joshuaborough,CT,19
680,Costa-Johnston Cinemas,6136 Webb Squares Apt. 607,Beanside,VT,18
681,Chavez PLC Cinemas,3757 Dawn Isle,Port Crystal,CO,14
682,Hoffman and Sons Cinemas,312 Jensen Mountains Apt. 074,Collinsmouth,MP,9
683,Johnson Ltd Cinemas,43878 Edwards Run Apt. 577,North Ronaldland,MS,5
684,Sherman and Sons Cinemas,37106 Jackson Unions,Taylorside,MT,12
685,Smith-Wilson Cinemas,485 Elliott Expressway Apt. 483,Aprilview,NJ,19
686,Clark-Rivera Cinemas,87056 Edward Cliff,West Jacquelineborough,UT,7
687,Medina LLC Cinemas,97921 Fields Fork,Courtneyborough,KY,6
688,Hoover-Parrish Cinemas,9648 Chris Drives Apt. 342,Anneberg,AS,16
689,"Matthews, Miranda and Rivera Cinemas",973 Aaron Fort Apt. 192,East Thomas,AL,19
690,Miller-Booker Cinemas,767 Turner Trace,East Annfurt,WI,6
691,Mccarthy-Kelly Cinemas,193 Sonia Village Suite 268,Henryview,TX,5
692,Grant Group Cinemas,05756 Christina Wells Apt. 652,East Scotthaven,ID,8
693,Willis LLC Cinemas,4809 Johnson Harbor,Sandersview,KY,8
694,"Brown, Armstrong and Johnson Cinemas",772 Brady Rue Apt. 050,Lake Jill,VI,13
695,Miller Inc Cinemas,0518 Lucero Fields,West Marymouth,MH,6
696,"Jackson, Andersen and Bowen Cinemas",066 Calvin Views Apt. 412,Williamsborough,UT,11
697,"Ortiz, Reid and Wilkinson Cinemas",4851 Owens Villages,New Sarahland,DE,7
698,White Inc Cinemas,9020 Dana Mount,Lake Sherryport,MP,17
699,"May, Valenzuela and Lee Cinemas",0642 Taylor Island,Perezborough,KY,11
700,Thompson LLC Cinemas,741 Kelly Lakes Suite 872,Port Brendaberg,ND,20
701,"Clark, Park and Reed Cinemas",58841 Jonathan Mountain Suite 018,South Donald,OR,16
702,Watson-Gray Cinemas,1502 Alvarez Junction,East Robinport,GA,18
703,Payne-Walton Cinemas,799 Simon Mountains Apt. 459,Timothyfurt,ME,18
704,Arellano and Sons Cinemas,6496 Frank Expressway,Oliviahaven,ID,13
705,"Walton, Anderson and Cook Cinemas",42576 Steven Shoals,East Nicole,ME,17
706,Miller-Young Cinemas,1328 Smith Estate,Coryside,TX,13
707,Hale-Durham Cinemas,3162 Hines Dale Suite 546,Fergusonstad,NM,5
708,"Yang, Willis and Walker Cinemas",55580 Melendez Rue,East Vincent,AZ,7
709,Turner Inc Cinemas,2624 Hughes View Suite 046,East Raymond,NC,10
710,Marshall Inc Cinemas,160 Luis Ports Suite 707,Hendersonton,ME,10
711,Green-Walters Cinemas,575 Rodriguez Fall Suite 861,North Matthew,VT,12
712,"Scott, Robertson and Mendez Cinemas",0740 Miranda Mount Suite 095,Ronaldport,WI,6
713,Daniels and Sons Cinemas,6075 Fields Ranch Apt. 508,Wrightland,ND,9
714,Martinez and Sons Cinemas,4579 Samantha Village Suite 015,Benjaminville,MS,11
715,"Baird, Miller and Pennington Cinemas",6024 Mary Meadows Apt. 394,Christinaside,PR,9
716,Benson Inc Cinemas,736 Burgess Tunnel Apt. 480,Browningport,KY,6
717,Russell Inc Cinemas,244 George Roads Suite 133,Lake Markland,RI,9
718,Chandler-Lynch Cinemas,695 Alvarez Point Apt. 555,Lynnberg,NH,4
719,"Porter, Patel and Jackson Cinemas",6091 Hoffman Key Apt. 385,Kellymouth,NV,17
720,"Mcdonald, Moore and Richards Cinemas",660 Hawkins Overpass Apt. 682,Lawsonville,CT,18
721,Robinson-Gay Cinemas,26865 Robert Rapid Suite 551,Wayneside,MO,19
722,Trevino Group Cinemas,7226 Smith Village Suite 721,Carpenterchester,MT,13
723,Lopez-Johnson Cinemas,99819 Dougherty Islands,East Ashley,NJ,5
724,"Davis, Wood and Paul Cinemas",832 Wood Well Apt. 273,Davidland,MH,11
725,Clark Group Cinemas,97327 Linda Villages Suite 237,North Kaitlynchester,VI,13
726,"Cowan, Atkins and Jones Cinemas",8198 Samuel Views Apt. 460,Reginaldhaven,SC,13
727,"Alexander, Cobb and Garcia Cinemas",125 Douglas Divide Apt. 734,West Dawnland,NH,18
728,"Vasquez, Sanchez and Green Cinemas",757 Carroll Ranch Apt. 228,Anthonystad,OK,6
729,Reeves-Parker Cinemas,477 Moore Valley,East Catherine,PR,11
730,Scott-Perez Cinemas,429 Jordan Stravenue,Woodsburgh,MI,12
731,"Moore, Farrell and Edwards Cinemas",7287 Timothy Light Apt. 153,Jamieberg,KY,10
732,"Strickland, Mccormick and Santos Cinemas",7908 Judith Lakes Apt. 615,West Angelaside,PR,17
733,"Medina, Miller and Yates Cinemas",833 Robles Falls Apt. 372,New Josephview,CO,7
734,"Lee, Rivas and Brown Cinemas",403 John Trace,Marshallside,FM,11
735,Flores Ltd Cinemas,71717 Cory Radial,New Tony,OK,8
736,Perkins Inc Cinemas,399 Gay Glen Suite 947,West William,NY,12
737,Bean-Evans Cinemas,4884 Rodriguez Throughway,South Adam,MH,8
738,"Ruiz, Martin and Jones Cinemas",417 Little Plain Apt. 313,West Warren,MD,6
739,"Kennedy, Cohen and Pennington Cinemas",252 Katie Turnpike,Port Eric,TN,5
740,Nguyen PLC Cinemas,964 Sarah Mountains Suite 524,Jessicamouth,NV,9
741,Coleman-Long Cinemas,60652 Wang Brook Apt. 344,Andrewchester,WY,13
742,Nguyen-Castro Cinemas,98741 John Islands,Davidshire,NJ,13
743,Harrington Group Cinemas,49960 Brian Junctions Suite 857,Danielberg,FM,18
744,"Jones, Rowland and Oconnor Cinemas",94938 Samuel Islands,Angelaport,UT,7
745,Taylor Inc Cinemas,7325 Perez Lake Suite 344,East Davidchester,NE,18
746,Shaffer-Yates Cinemas,509 Forbes Parkways,Kristyfort,LA,13
747,"Cook, Jones and Jones Cinemas",182 Audrey Mountain,Port Charles,TX,16
748,Meyers-Owens Cinemas,512 Gibson Tunnel,Prestonfurt,OK,12
749,Smith-Clayton Cinemas,35624 Breanna Trafficway,Amandaborough,WI,20
750,"Schaefer, Barry and Espinoza Cinemas",23421 Amanda Vista,Port Davidstad,CA,19
751,Harrell-Hebert Cinemas,42643 Kelsey Burg,South David,MS,18
752,Wallace Ltd Cinemas,0776 Jamie Light,North Tanyahaven,PW,6
753,"Ramsey, Martinez and Sherman Cinemas",9556 Jason Course,Timothyhaven,DE,5
754,Smith-James Cinemas,1554 Ryan Vista Suite 316,Smithview,VA,17
755,"Merritt, Williams and Boone Cinemas",028 Donald Mountains,North Caitlynborough,VI,14
756,"Guerrero, Watson and Perry Cinemas",2282 Michael Creek,North Tyler,ME,12
757,Garrett-Stout Cinemas,500 Johnson Mountains Apt. 260,Farmerhaven,GA,4
758,Garcia LLC Cinemas,61177 Chase Plain,Taylortown,ME,6
759,Harrison-Leach Cinemas,8591 Vasquez Village,East Jeffrey,DC,11
760,Perez Inc Cinemas,649 John Glen,Lake Donna,MA,4
761,"Dickson, Barnett and Meyer Cinemas",56529 Julie Union Suite 032,East Cynthiabury,GA,12
762,Morris-Armstrong Cinemas,3967 Shawn Greens Suite 148,Matthewburgh,KS,5
763,Roman-Freeman Cinemas,158 Brown Lakes Suite 082,East Theresaville,DE,9
764,"Marquez, Martinez and Bailey Cinemas",8182 Wilkins Pass Apt. 230,Lake Julie,NC,19
765,"Chan, Hart and Schmidt Cinemas",583 Nicholas Courts,Lake Cynthia,RI,20
766,Bridges Ltd Cinemas,963 Williams Locks,Peterhaven,MT,18
767,Mcdonald-Taylor Cinemas,14843 Brian Loop Apt. 272,South Kristie,SD,12
768,Myers-Lee Cinemas,34261 Jamie Divide Suite 501,Alexandriafort,IN,9
769,"Gonzales, Short and Weaver Cinemas",15406 Rodriguez Mountain Suite 927,Jeffreyville,CO,17
770,"Morrison, George and Cox Cinemas",660 Michelle Harbors Suite 485,Estradaview,MI,19
771,Smith Ltd Cinemas,97396 Garcia Tunnel Suite 899,Obrienfurt,AZ,6
772,"Rodriguez, Massey and Day Cinemas",113 Carpenter Station,Ochoaton,MI,19
773,"French, Phelps and Berry Cinemas",6039 Andrew Isle,West Samanthatown,VA,15
774,Atkinson-King Cinemas,3470 Ellis Roads Suite 238,Joystad,WI,17
775,Kirk Inc Cinemas,9835 Garcia Stravenue Apt. 659,Fowlerfurt,ID,14
776,Chase-Washington Cinemas,5225 Daniel Prairie Suite 884,South Christine,CA,14
777,Davis Ltd Cinemas,2585 Anderson Lights Apt. 499,West Yvonnemouth,GU,7
778,Sanchez and Sons Cinemas,73333 Wong Forge Apt. 043,Port Cherylmouth,MT,9
779,"Arnold, Carroll and Gutierrez Cinemas",964 Lara Greens Suite 553,Amberland,UT,14
780,Morris Ltd Cinemas,921 Nichols Cove,Lake Michael,UT,17
781,"Bray, Nicholson and Walker Cinemas",079 Crawford Mews Apt. 208,Hansenton,MH,19
782,Woods-Mccarthy Cinemas,514 Valentine Stream,Lake Carlachester,VT,13
783,Andersen and Sons Cinemas,8453 Thomas Plains Suite 090,Brianaland,RI,16
784,Moreno Ltd Cinemas,339 Mary Burgs,Chandlermouth,CO,5
785,Shah PLC Cinemas,6725 Cody Knoll Apt. 647,East Jorgeborough,IN,18
786,Duke-Schultz Cinemas,1840 Tina Circle Suite 120,North Markport,AK,6
787,"Elliott, Villarreal and Sosa Cinemas",972 Theresa Court,New Neil,HI,14
788,Mccarthy-Hobbs Cinemas,270 Savannah Underpass,Port Sarahport,CT,12
789,Vega-Lawrence Cinemas,73929 Pace Shoals,Bowersville,TN,14
790,"Jones, Sanchez and Thomas Cinemas",60507 Melanie Course Suite 899,Shermanborough,LA,7
791,Taylor-Gallagher Cinemas,666 Miller Burg Suite 158,Lynchport,NM,16
792,Townsend-Hale Cinemas,14998 Danielle Streets,New Anthonyport,MS,20
793,Bell PLC Cinemas,688 William Springs,East Coreyburgh,MH,4
794,Joseph Inc Cinemas,3990 Sandra Ford,West Adambury,TN,18
795,Joyce-Benitez Cinemas,6022 Christy Green,Beckerport,IL,17
796,"Doyle, Nelson and Vaughn Cinemas",6437 Greene Road Suite 072,North Dana,DE,5
797,Barrera Group Cinemas,85246 Herrera Haven,Danielville,MO,10
798,Clements PLC Cinemas,28077 Daniel Camp Suite 211,South Christina,NV,20
799,"Thomas, Harper and Williams Cinemas",50902 Villarreal Glen,West Steven,MH,15
800,"Brown, James and Arroyo Cinemas",23570 Jones Gardens,Angelaberg,OH,19
801,Brown-Cohen Cinemas,809 Jennifer Islands Suite 021,North Patrick,OK,18
802,Cervantes PLC Cinemas,09810 Pineda Rue,Campbellfurt,NV,5
803,"Young, Henry and Wright Cinemas",2785 Drew Route Apt. 642,Jodychester,AS,10
804,Thomas-Stevens Cinemas,2536 Stephenson Mount,Wallacefurt,NH,12
805,Morgan-Ortega Cinemas,833 Jennifer Port,Port Jessica,WY,8
806,"Cox, Ford and Huffman Cinemas",4362 Rodriguez Run Suite 496,East Jeffside,FM,13
807,Keller PLC Cinemas,70369 Joshua Summit Apt. 693,South Leslie,IA,18
808,"Anderson, Velazquez and Stewart Cinemas",111 Alan Wall,West Melissamouth,MH,19
809,Harris-Hernandez Cinemas,1595 Alvarez Squares,West Kevin,AS,7
810,"Moore, Gilmore and Martin Cinemas",962 Graves Harbors,North Elizabeth,FL,4
811,Davis-Williams Cinemas,6720 Galvan Prairie Apt. 707,Nicoleland,FM,11
812,Jones-Taylor Cinemas,621 Suzanne Islands Suite 159,Smithshire,MT,9
813,Diaz LLC Cinemas,480 Flores Expressway,Lake Johnport,KS,13
814,Ferrell-Morgan Cinemas,715 David Road Apt. 904,Gonzalezfort,MS,4
815,Johnson-Powers Cinemas,5866 Anderson Key Suite 837,Josephmouth,PW,17
816,"Miller, Wade and Flores Cinemas",21312 Brown Ports,Port Christopher,CA,6
817,Sharp Ltd Cinemas,129 Welch Isle Apt. 910,East Samantha,CO,11
818,Davis Inc Cinemas,3301 Flores Pines,South Lisa,VT,7
819,Jacobs-Lopez Cinemas,907 William Common Apt. 342,Lake David,WV,18
820,Lopez LLC Cinemas,69496 Robinson Glen,Jillhaven,AL,7
821,"Zamora, Sutton and Campbell Cinemas",01750 Miller Track,Smithland,MD,8
822,"Wise, Rocha and Wolfe Cinemas",457 Harmon Neck,Victorfort,MD,19
823,"Duarte, Lee and Matthews Cinemas",567 Nguyen Underpass,Fordmouth,NV,13
824,Thomas Group Cinemas,25626 Smith Turnpike Apt. 292,North Allen,NJ,20
825,Nelson and Sons Cinemas,6248 Perez Oval,Reynoldsburgh,NM,12
826,"Brown, Ali and Jones Cinemas",794 Joe Park Apt. 670,Crystalmouth,SC,17
827,Sutton-Patterson Cinemas,284 Hardy Valley,West Annette,NJ,19
828,Smith LLC Cinemas,35357 Peters Ports Suite 325,Lake Brittany,IA,19
829,Burns Group Cinemas,8162 Miller Overpass,Morrisonview,CA,11
830,Price-Lee Cinemas,250 Wright Roads Apt. 559,Hoffmanview,MD,18
831,Galloway-Jacobs Cinemas,399 Kenneth Circle,New Lauren,LA,8
832,Gibbs Group Cinemas,4324 Anthony Row,Millermouth,WI,16
833,Griffin Group Cinemas,751 Bryant Flat,Mitchellshire,DC,10
834,Blanchard-Martinez Cinemas,752 Decker Lane Apt. 656,West Christie,WV,20
835,Schneider LLC Cinemas,027 Sara Dam,North Alexandra,VT,8
836,Davis LLC Cinemas,1651 Morales Circle Suite 628,Port Jaredburgh,DE,6
837,Perez-Brown Cinemas,37003 Stephanie Ways,New Luis,MS,12
838,"Santiago, Smith and Cannon Cinemas",68103 Jason Prairie Suite 051,Williamburgh,MO,17
839,Hernandez Inc Cinemas,8586 Mary Throughway Suite 535,Philipport,NV,14
840,Griffin Ltd Cinemas,21061 James Port Suite 394,Stevenbury,OK,20
841,Robinson-Johnson Cinemas,25376 Ellis Lock,South Timothy,PA,12
842,Norton-Estrada Cinemas,91009 Mercedes Harbor,West Seanshire,GA,4
843,Brown and Sons Cinemas,5146 Kenneth Bypass,West Donaldmouth,FM,13
844,Martinez Ltd Cinemas,2011 Spencer Prairie,Josephshire,NJ,13
845,Simon and Sons Cinemas,66007 Rivas Loop,North Barbara,AZ,19
846,"Brown, Hammond and Campbell Cinemas",734 Emily Well Apt. 370,Port Annachester,OH,8
847,"Freeman, Hall and Allison Cinemas",5195 Hoover Plains,West Donna,MN,18
848,"Arnold, Thomas and Moss Cinemas",2965 Lucero Trafficway Suite 278,Wardchester,CO,19
849,"King, Taylor and Middleton Cinemas",8205 Carol Plains Apt. 923,Millerchester,FM,15
850,Mooney PLC Cinemas,190 Michael Shores,Lake Jeremy,VT,14
851,Burns-Nguyen Cinemas,686 Barbara Summit Suite 137,Port Heather,WV,16
852,Moran PLC Cinemas,2143 Turner Fords,Port Jamestown,AK,18
853,Martinez-Lopez Cinemas,47165 Smith Ranch,Matthewstad,IL,14
854,Patterson-Lawrence Cinemas,990 Rowland Parks Suite 504,Callahanfurt,WV,10
855,"Carrillo, Henderson and Matthews Cinemas",706 Sydney Trace Apt. 748,North Johnville,NH,11
856,Curry-Allen Cinemas,54873 Davis Spur Apt. 908,Jonesburgh,NH,16
857,Terry-Price Cinemas,9187 Rachel Hill,North Kelly,MA,11
858,Rodriguez-Moore Cinemas,77306 Kelsey Cape,Ianmouth,VI,17
859,"Silva, Snyder and Reeves Cinemas",22299 Samuel Lakes,Smithhaven,MH,5
860,"Richardson, Stephens and Barnes Cinemas",6861 Christopher Wells,Thomashaven,PW,14
861,Knox and Sons Cinemas,21923 Keller Plains,Angelafort,CA,19
862,"Lopez, Gutierrez and Castro Cinemas",24260 Brown Turnpike,North Aliciaview,OR,16
863,"Smith, Beard and Taylor Cinemas",3377 Lewis Extensions,Transide,PR,16
864,Thomas and Sons Cinemas,78192 Courtney Loop,Sharonview,MT,8
865,Goodwin Inc Cinemas,0356 Obrien Way Apt. 279,Lucasburgh,IA,19
866,"Boyd, Crawford and Jones Cinemas",1812 Mike Lock,Stevenmouth,ME,5
867,"Jacobs, Calhoun and Wyatt Cinemas",769 Taylor Course Suite 588,West Crystalview,VI,8
868,Wheeler-Perez Cinemas,93543 Holmes Loop Suite 496,Port Chloe,WY,20
869,Pham Ltd Cinemas,58853 Perkins Extensions Apt. 433,Isaacfort,MN,14
870,Myers Ltd Cinemas,785 Jonathan Cliffs Suite 168,Smithborough,AS,7
871,Reilly-Gibson Cinemas,963 Williams Meadow Suite 917,Hughesville,DC,18
872,Martinez Inc Cinemas,41884 Kristen Summit,Harrisshire,AR,7
873,Rodriguez PLC Cinemas,6333 Reilly Knoll Apt. 208,Kathrynburgh,AS,20
874,Harris-Jensen Cinemas,99471 John Lodge,East Stephen,GA,18
875,Lowery LLC Cinemas,34699 Griffin Fort,Port Christophermouth,NV,4
876,Stevenson Group Cinemas,84376 Morris Parks Suite 793,Drewland,PA,8
877,"Vega, Jackson and Powell Cinemas",5643 Roach Light,Yushire,IA,17
878,"Wolfe, Chavez and Mcbride Cinemas",556 Travis Stream Suite 616,Michaelview,MN,8
879,Mendoza-Jackson Cinemas,65031 Christopher Square,West Christianview,NV,6
880,Carter Group Cinemas,36428 Jesse Course Apt. 924,Mcmahonburgh,IA,19
881,Morton and Sons Cinemas,14281 Tran Land,East Amanda,HI,12
882,Buchanan LLC Cinemas,8088 Phillip Expressway,South Ericberg,IA,14
883,"Flowers, Berry and Ramirez Cinemas",2132 Carlos Lane,North Justin,NC,16
884,Byrd-Foster Cinemas,785 Walton Pine Suite 287,Port Benjamin,CA,6
885,"Vang, Wilkinson and Wilson Cinemas",6450 Freeman Terrace Apt. 362,Grimesberg,SD,14
886,Sanders-Thomas Cinemas,4767 Watson Ford,Andersonton,IA,16
887,Prince Inc Cinemas,0576 Miller Hill Suite 887,Port Melanieland,MI,14
888,Lee-Weeks Cinemas,12840 William Roads,Andrewfurt,MA,19
889,"Stevens, Howell and Mitchell Cinemas",917 Hamilton Passage,Lake Kimberlyshire,NY,5
890,Lutz and Sons Cinemas,7422 Christopher Lights Suite 630,West Alexanderberg,ID,6
891,Hudson-Butler Cinemas,8943 Vickie Estates,West Jessicaland,IN,11
892,Herman-Martin Cinemas,17595 Sosa Green Suite 582,Lindabury,IN,13
893,Hamilton LLC Cinemas,476 Stephanie Hills Suite 128,Port Kristen,FM,11
894,Marshall and Sons Cinemas,885 Newton Manor,Kerrybury,GA,6
895,"Olson, Hebert and Jones Cinemas",66626 Good Isle Suite 143,Kochfort,MO,17
896,"Lewis, Jordan and Young Cinemas",252 Watkins Walk,North Christophertown,FL,7
897,"Patterson, Mosley and Michael Cinemas",07202 Terrell Lakes,Elizabethland,AZ,7
898,Orozco LLC Cinemas,91090 Kristine Lock,Rodriguezshire,LA,18
899,"Copeland, Jones and Salazar Cinemas",79428 Tyler Fork,Antoniomouth,TN,9
900,Neal Group Cinemas,446 Roman Freeway Suite 533,Hernandezberg,AZ,13
901,Brown Inc Cinemas,72214 Watts Prairie,Lake Timothy,MT,4
902,Spears Ltd Cinemas,370 Moore Fields Suite 100,Perryfort,NH,5
903,"Levy, Bowers and Huffman Cinemas",56592 Misty Expressway Suite 617,Eddieberg,IA,14
904,"Munoz, Krueger and Solomon Cinemas",0055 Rogers Cove,Ingramhaven,ID,5
905,Hernandez Ltd Cinemas,689 Ryan Street Apt. 798,Ambermouth,AZ,13
906,Cook-Russell Cinemas,6799 Sandra Village,South Joseph,MH,15
907,"Phelps, Montoya and Barnett Cinemas",4083 Jeffrey View Suite 360,Williamsland,AS,15
908,Nichols-Lam Cinemas,84907 Amanda Plaza Suite 136,Gregoryborough,AL,17
909,"Jordan, Murphy and Sanchez Cinemas",12424 Perry Meadow Apt. 251,Kyleside,UT,8
910,"Fowler, Jones and Moore Cinemas",31421 Morgan Parkway,Dixonfort,TN,11
911,"Ramirez, Miller and Mccormick Cinemas",63840 Victoria Estates Apt. 528,South Vickie,WV,20
912,"Bell, Peterson and Price Cinemas",86323 Ayala Summit Apt. 378,Hughesstad,ID,17
913,Johnson and Sons Cinemas,505 Perry Villages,West Michelleland,DC,9
914,Wheeler PLC Cinemas,277 Wilson Valleys,Port Marymouth,IA,9
915,Herrera-Coleman Cinemas,04246 Juan Vista,Zavalahaven,MN,9
916,Jimenez Ltd Cinemas,0045 Jennifer Ways Apt. 899,West Danielview,WI,6
917,Flores-Martinez Cinemas,130 Collins Trace,Port Jennifershire,VI,16
918,"Payne, Escobar and Barrett Cinemas",0461 Adams Center,North Clinton,OR,11
919,Rodriguez Group Cinemas,5681 Moore Points,North Matthew,HI,19
920,"Hull, Haynes and Garcia Cinemas",3228 Veronica Avenue,Barbaraborough,NM,8
921,"Young, Jordan and Austin Cinemas",84526 Bartlett Heights Suite 391,Scottfort,AL,11
922,Sullivan and Sons Cinemas,292 Tammy Gateway Apt. 033,Lake Charlesfurt,DC,18
923,Hill Inc Cinemas,310 Rodriguez Ford,Thomasville,VI,12
924,Nguyen-Jenkins Cinemas,3236 Lopez Shores Apt. 774,Williamstown,NE,18
925,Moore-Harrington Cinemas,784 Robert Heights,West Joshua,NE,12
926,Kennedy PLC Cinemas,754 Shannon Spurs,Maryfurt,KY,4
927,Castillo Group Cinemas,37638 Daniel Stravenue,Alexaville,KY,18
928,"Black, Collins and Powell Cinemas",134 Pacheco Throughway,Lake Tyler,NC,13
929,Hernandez Inc Cinemas,869 Smith Fields Apt. 146,Heatherview,OR,9
930,Fuller Ltd Cinemas,67933 Williams Junction Suite 738,Trevorchester,OH,6
931,Norris Inc Cinemas,60376 Curtis Plaza,Higginsbury,WA,18
932,Robinson Inc Cinemas,0961 Day Mission,North Matthew,IA,15
933,"Wilson, Trujillo and Moody Cinemas",74820 Montoya Forge,Clayville,CO,13
934,"Aguilar, Buckley and Ramirez Cinemas",557 Anthony Court Apt. 432,East Joan,VA,17
935,Gonzalez and Sons Cinemas,47073 Anthony Stream,West Courtney,FM,12
936,Davenport-Reynolds Cinemas,76025 Amanda Spur,Rodriguezburgh,IL,18
937,Hernandez Inc Cinemas,24888 Mercado Estate Apt. 762,Ramirezview,PA,13
938,Howe Inc Cinemas,4687 Nancy Crescent,North Jerry,UT,10
939,"Herring, Wilson and Mendoza Cinemas",82832 Rebecca Pass,East Amberland,MA,16
940,"Medina, Green and Rivera Cinemas",06732 Holly Corners,New Scott,NE,19
941,"Schultz, Miller and Wolf Cinemas",45000 Kimberly Spurs Apt. 015,Port Judy,SC,7
942,"Miller, Watts and Castillo Cinemas",8509 Jennifer Knoll,Nicholasville,WY,11
943,"Brewer, Goodwin and Green Cinemas",299 Mitchell Pike,East Gregoryport,NY,16
944,"Kramer, Edwards and Harrison Cinemas",0090 Ebony Gardens Suite 551,Jenniferview,NC,15
945,Sullivan PLC Cinemas,62483 Wood Causeway,Kyleburgh,WY,13
946,"Bennett, Williams and Klein Cinemas",63369 Montgomery Turnpike Apt. 982,North Bruce,AS,13
947,Hebert Group Cinemas,188 Jose Street Suite 287,Gilmorebury,NC,4
948,Gray and Sons Cinemas,4321 Heather River,Jessicahaven,OK,16
949,"Caldwell, Cross and Russell Cinemas",36258 Lewis Inlet,Christopherton,GU,12
950,Carter-Hendrix Cinemas,55402 Kramer Stravenue Suite 582,Jamestown,TN,4
951,Harrison LLC Cinemas,4898 Kelsey Street Apt. 538,Port Toni,MA,5
952,"Compton, Owens and Decker Cinemas",504 Victoria Highway,East Sabrina,IL,19
953,Lee-Fox Cinemas,163 Linda Course Apt. 978,Griffithville,ND,13
954,Obrien and Sons Cinemas,137 Dennis Row,Yvonneton,FM,11
955,Bond-Cummings Cinemas,875 Davis Parkway,Maxwellhaven,MH,15
956,Smith and Sons Cinemas,09156 Andrea Villages,East Haleymouth,NJ,11
957,"Warner, Baker and Campbell Cinemas",609 Peter Ridge,Denniston,CA,10
958,Munoz-Stokes Cinemas,84336 Cooper Burg Apt. 632,East Catherine,NY,12
959,Jones Group Cinemas,5611 Peck Square Suite 288,Shepardton,MP,8
960,Mccoy-Strickland Cinemas,76660 Darren Crossroad Suite 003,New Nicolestad,MS,7
961,Wilkerson-Davis Cinemas,2715 Cory Extensions,West Priscilla,MI,5
962,Roth PLC Cinemas,9177 Hines Row,New Jason,NC,13
963,Roberts-Mccarty Cinemas,48087 Matthew Freeway,Royside,WA,18
964,"Taylor, Williams and Hall Cinemas",101 Hayes Square Apt. 908,Victoriashire,VT,5
965,Pratt LLC Cinemas,74926 Wang Ports,Kaneport,MP,15
966,"May, Malone and Reese Cinemas",84285 Walsh Port Apt. 259,West Andrewhaven,FM,8
967,Hudson-Sparks Cinemas,31234 Kimberly Meadows,Elliottton,MT,6
968,"Lyons, Branch and Kennedy Cinemas",176 Dawn Extensions Apt. 483,West Elizabeth,PA,13
969,Santos-Roach Cinemas,804 Phyllis Lodge,East Rachelshire,RI,14
970,Peterson-Dunn Cinemas,9582 Guerrero Course,Berrystad,MT,17
971,"Jones, Calderon and Smith Cinemas",1238 Duncan Terrace Apt. 434,Weaverbury,OR,9
972,Atkinson-Nelson Cinemas,27300 Burke Loaf,North Darrylfurt,NY,10
973,Jones Ltd Cinemas,500 Nicholas Centers,Christopherland,PR,8
974,"Morris, Chavez and Ayala Cinemas",762 Jessica Forges,Josephfort,NV,15
975,George-Myers Cinemas,726 Powers Ranch,West Andrew,AS,20
976,Reese Group Cinemas,0299 Kayla Greens Apt. 688,Carlosborough,ID,20
977,Chavez Inc Cinemas,5235 Rodriguez Plains,South Alexburgh,TX,12
978,Miller and Sons Cinemas,1363 Anderson Park,Nicholasborough,IL,9
979,Jones-Contreras Cinemas,4902 Williams Way Suite 480,South Joshuaton,IA,12
980,Harris-Wright Cinemas,7812 Figueroa Parks,East Charles,MP,19
981,Fowler Group Cinemas,34862 Navarro Overpass,Hallchester,VI,13
982,Baxter PLC Cinemas,82856 Matthew Ports,Moyertown,NM,14
983,"Chapman, Ball and Patterson Cinemas",7067 Rachel Path,Port Laura,MN,7
984,Bennett and Sons Cinemas,223 Murphy Estate,South Erikastad,AL,18
985,Ryan-West Cinemas,469 Jessica Pike,North Tina,DC,6
986,Bradley-Novak Cinemas,984 Russell Rest,Kristatown,GA,8
987,Mcclain Inc Cinemas,93869 Romero Highway Apt. 495,Lake Christopherstad,NV,11
988,"Gardner, Ellis and Patrick Cinemas",715 Joe Plains,Westfort,ID,16
989,"Hammond, Douglas and Johnson Cinemas",6191 Simpson Place Suite 682,Wagnerberg,MP,15
990,Flores PLC Cinemas,0858 Raymond Ferry,West Brett,KY,6
991,Alvarado LLC Cinemas,9579 Anthony Crossing Apt. 482,Melissaview,KS,16
992,Villa Group Cinemas,632 Serrano Ridge Suite 232,Kristinebury,VI,4
993,Payne PLC Cinemas,6241 Lopez Trace,Jenniferfort,HI,12
994,Price-Schmitt Cinemas,9335 Garcia Wall,New Jenniferstad,MN,7
995,Lynn Group Cinemas,8509 Avila Trail Suite 430,West Courtney,DE,18
996,"English, Holloway and Jones Cinemas",9720 Adrienne Squares,Brandiview,WY,15
997,Miller LLC Cinemas,4154 Rodriguez Views,Jamesborough,VA,12
998,Diaz and Sons Cinemas,8136 York Cape Apt. 942,West Stephanieland,AZ,16
999,Thompson-Reyes Cinemas,987 Cassie Village,Port Timothy,KY,15
1000,Anderson-Kirk Cinemas,2258 Butler Islands Suite 787,Kennethburgh,DC,7
